INSERT INTO `tb_dict`  VALUES ('1319920146952404557', '0', 'express', 'express', '快递公司', '0', '', NOW(), NOW());
INSERT INTO `tb_dict`  VALUES ('1319924024854876162', '1319920146952404557', 'express', 'HTKY', '百世快递', '1', '', NOW(), NOW());
INSERT INTO `tb_dict`  VALUES ('1319924025316249602', '1319920146952404557', 'express', 'ZTO', '中通快递', '2', '', NOW(), NOW());
INSERT INTO `tb_dict`  VALUES ('1319924025337221121', '1319920146952404557', 'express', 'STO', '申通快递', '3', '', NOW(), NOW());
INSERT INTO `tb_dict`  VALUES ('1319924025362386945', '1319920146952404557', 'express', 'YTO', '圆通速递', '4', '', NOW(), NOW());
INSERT INTO `tb_dict`  VALUES ('1319924025379164162', '1319920146952404557', 'express', 'YD', '韵达速递', '5', '', NOW(), NOW());
INSERT INTO `tb_dict`  VALUES ('1319924025404329986', '1319920146952404557', 'express', 'YZPY', '邮政快递', '6', '', NOW(), NOW());
INSERT INTO `tb_dict`  VALUES ('1319924025421107202', '1319920146952404557', 'express', 'EMS', 'EMS', '7', '', NOW(), NOW());
INSERT INTO `tb_dict`  VALUES ('1319924025437884418', '1319920146952404557', 'express', 'HHTT', '天天快递', '8', '', NOW(), NOW());
INSERT INTO `tb_dict`  VALUES ('1319924025463050242', '1319920146952404557', 'express', 'JD', '京东快递', '9', '', NOW(), NOW());
INSERT INTO `tb_dict`  VALUES ('1319924025479827457', '1319920146952404557', 'express', 'UC', '优速快递', '10', '', NOW(), NOW());
INSERT INTO `tb_dict`  VALUES ('1319924025496604674', '1319920146952404557', 'express', 'DBL', '德邦快递', '11', '', NOW(), NOW());
INSERT INTO `tb_dict`  VALUES ('1319924025517576193', '1319920146952404557', 'express', 'ZJS', '宅急送', '12', '', NOW(), NOW());
INSERT INTO `tb_dict`  VALUES ('1319924025534353410', '1319920146952404557', 'express', 'SF', '顺丰快递', '13', '', NOW(), NOW());

INSERT INTO `tb_dict` VALUES ('1356521666548244482', '1319924025534353413', 'bank', '001666666666', '中国人民银行', '1', '', NOW(), NOW());
INSERT INTO `tb_dict` VALUES ('1356521667072532482', '1319924025534353413', 'bank', '102100099996', '中国工商银行', '2', '', NOW(), NOW());
INSERT INTO `tb_dict` VALUES ('1356521667085115394', '1319924025534353413', 'bank', '103100000026', '农业银行', '3', '', NOW(), NOW());
INSERT INTO `tb_dict` VALUES ('1356521667093504001', '1319924025534353413', 'bank', '104100000004', '中国银行', '4', '', NOW(), NOW());
INSERT INTO `tb_dict` VALUES ('1356521667110281217', '1319924025534353413', 'bank', '105100000017', '建设银行', '5', '', NOW(), NOW());
INSERT INTO `tb_dict` VALUES ('1356521667127058434', '1319924025534353413', 'bank', '201100000017', '国家开发银行总行', '6', '', NOW(), NOW());
INSERT INTO `tb_dict` VALUES ('1356521667135447041', '1319924025534353413', 'bank', '202100000003', '中国进出口银行', '7', '', NOW(), NOW());
INSERT INTO `tb_dict` VALUES ('1356521667152224257', '1319924025534353413', 'bank', '203100000019', '中国农业发展银行', '8', '', NOW(), NOW());
INSERT INTO `tb_dict` VALUES ('1356521667160612865', '1319924025534353413', 'bank', '301290000007', '交通银行', '9', '', NOW(), NOW());
INSERT INTO `tb_dict` VALUES ('1356521667177390081', '1319924025534353413', 'bank', '302100011000', '中信银行', '10', '', NOW(), NOW());
INSERT INTO `tb_dict` VALUES ('1356521667185778689', '1319924025534353413', 'bank', '303100000006', '光大银行', '11', '', NOW(), NOW());
INSERT INTO `tb_dict` VALUES ('1356521667194167298', '1319924025534353413', 'bank', '304100040000', '华夏银行', '12', '', NOW(), NOW());
INSERT INTO `tb_dict` VALUES ('1356521667210944513', '1319924025534353413', 'bank', '305100000013', '民生银行', '13', '', NOW(), NOW());
INSERT INTO `tb_dict` VALUES ('1356521667223527425', '1319924025534353413', 'bank', '306581000003', '广发银行股份有限公司', '14', '', NOW(), NOW());
INSERT INTO `tb_dict` VALUES ('1356521667231916034', '1319924025534353413', 'bank', '307584007998', '平安银行', '15', '', NOW(), NOW());
INSERT INTO `tb_dict` VALUES ('1356521667240304642', '1319924025534353413', 'bank', '308584000013', '招商银行', '16', '', NOW(), NOW());
INSERT INTO `tb_dict` VALUES ('1356521667265470466', '1319924025534353413', 'bank', '309391000011', '兴业银行', '17', '', NOW(), NOW());
INSERT INTO `tb_dict` VALUES ('1356521667282247681', '1319924025534353413', 'bank', '310290000013', '浦东发展银行', '18', '', NOW(), NOW());
INSERT INTO `tb_dict` VALUES ('1356521667299024897', '1319924025534353413', 'bank', '313100000013', '北京银行', '19', '', NOW(), NOW());
INSERT INTO `tb_dict` VALUES ('1356521667307413506', '1319924025534353413', 'bank', '313110000017', '天津市商业银行', '20', '', NOW(), NOW());
INSERT INTO `tb_dict` VALUES ('1356521667315802113', '1319924025534353413', 'bank', '313121006888', '河北银行股份有限公司', '21', '', NOW(), NOW());
INSERT INTO `tb_dict` VALUES ('1356521667332579330', '1319924025534353413', 'bank', '313124000018', '唐山银行股份有限公司', '22', '', NOW(), NOW());
INSERT INTO `tb_dict` VALUES ('1356521667349356546', '1319924025534353413', 'bank', '313126001022', '秦皇岛银行股份有限公司', '23', '', NOW(), NOW());
INSERT INTO `tb_dict` VALUES ('1356521667370328065', '1319924025534353413', 'bank', '313127000013', '邯郸市商业银行', '24', '', NOW(), NOW());
INSERT INTO `tb_dict` VALUES ('1356521667378716674', '1319924025534353413', 'bank', '313131000016', '邢台银行股份有限公司', '25', '', NOW(), NOW());
INSERT INTO `tb_dict` VALUES ('1356521667395493889', '1319924025534353413', 'bank', '313134000011', '保定银行股份有限公司', '26', '', NOW(), NOW());
INSERT INTO `tb_dict` VALUES ('1356521667412271105', '1319924025534353413', 'bank', '313138000019', '张家口市商业银行股份有限公司', '27', '', NOW(), NOW());
INSERT INTO `tb_dict` VALUES ('1356521667420659713', '1319924025534353413', 'bank', '313141052422', '承德市商业银行', '28', '', NOW(), NOW());
INSERT INTO `tb_dict` VALUES ('1356521667437436929', '1319924025534353413', 'bank', '313143005157', '沧州银行', '29', '', NOW(), NOW());
INSERT INTO `tb_dict` VALUES ('1356521667445825537', '1319924025534353413', 'bank', '313146000019', '廊坊银行', '30', '', NOW(), NOW());
INSERT INTO `tb_dict` VALUES ('1356521667462602754', '1319924025534353413', 'bank', '313148053964', '衡水银行股份有限公司', '31', '', NOW(), NOW());
INSERT INTO `tb_dict` VALUES ('1356521667479379970', '1319924025534353413', 'bank', '313161000017', '晋商银行', '32', '', NOW(), NOW());
INSERT INTO `tb_dict` VALUES ('1356521667487768578', '1319924025534353413', 'bank', '313162055820', '大同银行股份有限公司', '33', '', NOW(), NOW());
INSERT INTO `tb_dict` VALUES ('1356521667504545793', '1319924025534353413', 'bank', '313163000004', '阳泉市商业银行股份有限公司', '34', '', NOW(), NOW());
INSERT INTO `tb_dict` VALUES ('1356521667512934401', '1319924025534353413', 'bank', '313164000006', '长治银行', '35', '', NOW(), NOW());
INSERT INTO `tb_dict` VALUES ('1356521667521323009', '1319924025534353413', 'bank', '313168000003', '晋城银行', '36', '', NOW(), NOW());
INSERT INTO `tb_dict` VALUES ('1356521667538100226', '1319924025534353413', 'bank', '313175000011', '晋中银行', '37', '', NOW(), NOW());
INSERT INTO `tb_dict` VALUES ('1356521667554877441', '1319924025534353413', 'bank', '313191000011', '内蒙古银行', '38', '', NOW(), NOW());
INSERT INTO `tb_dict` VALUES ('1356521667571654658', '1319924025534353413', 'bank', '313192000013', '包商银行', '39', '', NOW(), NOW());
INSERT INTO `tb_dict` VALUES ('1356521667592626178', '1319924025534353413', 'bank', '313193057846', '乌海银行股份有限公司', '40', '', NOW(), NOW());
INSERT INTO `tb_dict` VALUES ('1356521667601014786', '1319924025534353413', 'bank', '313205057830', '鄂尔多斯银行股份有限公司', '41', '', NOW(), NOW());
INSERT INTO `tb_dict` VALUES ('1356521667617792002', '1319924025534353413', 'bank', '313221030008', '盛京银行', '42', '', NOW(), NOW());
INSERT INTO `tb_dict` VALUES ('1356521667634569217', '1319924025534353413', 'bank', '313222080002', '大连银行', '43', '', NOW(), NOW());
INSERT INTO `tb_dict` VALUES ('1356521667642957826', '1319924025534353413', 'bank', '313223007007', '鞍山银行', '44', '', NOW(), NOW());
INSERT INTO `tb_dict` VALUES ('1356521667651346434', '1319924025534353413', 'bank', '313224000015', '抚顺银行股份有限公司清算中心', '45', '', NOW(), NOW());
INSERT INTO `tb_dict` VALUES ('1356521667659735041', '1319924025534353413', 'bank', '313225000017', '本溪银行股份有限公司', '46', '', NOW(), NOW());
INSERT INTO `tb_dict` VALUES ('1356521667676512258', '1319924025534353413', 'bank', '313226009000', '丹东银行', '47', '', NOW(), NOW());
INSERT INTO `tb_dict` VALUES ('1356521667684900866', '1319924025534353413', 'bank', '313227000012', '锦州银行', '48', '', NOW(), NOW());
INSERT INTO `tb_dict` VALUES ('1356521667701678082', '1319924025534353413', 'bank', '313227600018', '葫芦岛市商业银行', '49', '', NOW(), NOW());
INSERT INTO `tb_dict` VALUES ('1356521667710066690', '1319924025534353413', 'bank', '313228000276', '营口银行', '50', '', NOW(), NOW());
INSERT INTO `tb_dict` VALUES ('1356521667722649601', '1319924025534353413', 'bank', '313228060009', '营口沿海银行股份有限公司', '51', '', NOW(), NOW());
INSERT INTO `tb_dict` VALUES ('1356521667731038209', '1319924025534353413', 'bank', '313229000008', '阜新银行股份有限公司', '52', '', NOW(), NOW());
INSERT INTO `tb_dict` VALUES ('1356521667743621121', '1319924025534353413', 'bank', '313231000013', '辽阳银行', '53', '', NOW(), NOW());
INSERT INTO `tb_dict` VALUES ('1356521667752009730', '1319924025534353413', 'bank', '313232000015', '盘锦银行股份有限公司', '54', '', NOW(), NOW());
INSERT INTO `tb_dict` VALUES ('1356521667768786946', '1319924025534353413', 'bank', '313233000017', '铁岭银行股份有限公司', '55', '', NOW(), NOW());
INSERT INTO `tb_dict` VALUES ('1356521667777175553', '1319924025534353413', 'bank', '313234001089', '朝阳银行股份有限公司', '56', '', NOW(), NOW());
INSERT INTO `tb_dict` VALUES ('1356521667785564161', '1319924025534353413', 'bank', '313241066661', '吉林银行', '57', '', NOW(), NOW());
INSERT INTO `tb_dict` VALUES ('1356521667802341378', '1319924025534353413', 'bank', '313261000018', '哈尔滨银行', '58', '', NOW(), NOW());
INSERT INTO `tb_dict` VALUES ('1356521667810729985', '1319924025534353413', 'bank', '313261099913', '龙江银行', '59', '', NOW(), NOW());
INSERT INTO `tb_dict` VALUES ('1356521667819118594', '1319924025534353413', 'bank', '313301008887', '南京银行', '60', '', NOW(), NOW());
INSERT INTO `tb_dict` VALUES ('1356521667823312898', '1319924025534353413', 'bank', '313301099999', '江苏银行股份有限公司', '61', '', NOW(), NOW());
INSERT INTO `tb_dict` VALUES ('1356521667831701506', '1319924025534353413', 'bank', '313305066661', '苏州银行股份有限公司', '62', '', NOW(), NOW());
INSERT INTO `tb_dict` VALUES ('1356521667848478721', '1319924025534353413', 'bank', '313312300018', '江苏长江商业银行', '63', '', NOW(), NOW());
INSERT INTO `tb_dict` VALUES ('1356521667856867329', '1319924025534353413', 'bank', '313331000014', '杭州商业银行', '64', '', NOW(), NOW());
INSERT INTO `tb_dict` VALUES ('1356521667869450241', '1319924025534353413', 'bank', '313332040018', '宁波东海银行股份有限公司', '65', '', NOW(), NOW());
INSERT INTO `tb_dict` VALUES ('1356521667882033154', '1319924025534353413', 'bank', '313332082914', '宁波银行', '66', '', NOW(), NOW());
INSERT INTO `tb_dict` VALUES ('1356521667890421762', '1319924025534353413', 'bank', '313332090019', '宁波通商银行', '67', '', NOW(), NOW());
INSERT INTO `tb_dict` VALUES ('1356521667907198977', '1319924025534353413', 'bank', '313333007331', '温州银行', '68', '', NOW(), NOW());
INSERT INTO `tb_dict` VALUES ('1356521667915587586', '1319924025534353413', 'bank', '313335081005', '嘉兴银行', '69', '', NOW(), NOW());
INSERT INTO `tb_dict` VALUES ('1356521667932364802', '1319924025534353413', 'bank', '313336071575', '湖州市商业银行', '70', '', NOW(), NOW());
INSERT INTO `tb_dict` VALUES ('1356521667949142017', '1319924025534353413', 'bank', '313337009004', '绍兴银行股份有限公司', '71', '', NOW(), NOW());
INSERT INTO `tb_dict` VALUES ('1356521667965919233', '1319924025534353413', 'bank', '313338009688', '金华银行股份有限公司', '72', '', NOW(), NOW());
INSERT INTO `tb_dict` VALUES ('1356521667974307842', '1319924025534353413', 'bank', '313338707013', '浙江稠州商业银行', '73', '', NOW(), NOW());
INSERT INTO `tb_dict` VALUES ('1356521667986890753', '1319924025534353413', 'bank', '313345001665', '台州银行', '74', '', NOW(), NOW());
INSERT INTO `tb_dict` VALUES ('1356521667995279362', '1319924025534353413', 'bank', '313345010019', '浙江泰隆商业银行', '75', '', NOW(), NOW());
INSERT INTO `tb_dict` VALUES ('1356521668016250882', '1319924025534353413', 'bank', '313345400010', '浙江民泰商业银行', '76', '', NOW(), NOW());
INSERT INTO `tb_dict` VALUES ('1356521668024639489', '1319924025534353413', 'bank', '313391080007', '福建海峡银行股份有限公司', '77', '', NOW(), NOW());
INSERT INTO `tb_dict` VALUES ('1356521668037222401', '1319924025534353413', 'bank', '313393080005', '厦门银行股份有限公司', '78', '', NOW(), NOW());
INSERT INTO `tb_dict` VALUES ('1356521668045611010', '1319924025534353413', 'bank', '313397075189', '泉州银行股份有限公司', '79', '', NOW(), NOW());
INSERT INTO `tb_dict` VALUES ('1356521668058193921', '1319924025534353413', 'bank', '313421087506', '南昌银行', '80', '', NOW(), NOW());
INSERT INTO `tb_dict` VALUES ('1356521668066582530', '1319924025534353413', 'bank', '313424076706', '九江银行股份有限公司', '81', '', NOW(), NOW());
INSERT INTO `tb_dict` VALUES ('1356521668079165442', '1319924025534353413', 'bank', '313428076517', '赣州银行股份有限公司', '82', '', NOW(), NOW());
INSERT INTO `tb_dict` VALUES ('1356521668087554049', '1319924025534353413', 'bank', '313433076801', '上饶市商业银行', '83', '', NOW(), NOW());
INSERT INTO `tb_dict` VALUES ('1356521668095942658', '1319924025534353413', 'bank', '313451000019', '齐鲁银行', '84', '', NOW(), NOW());
INSERT INTO `tb_dict` VALUES ('1356521668112719873', '1319924025534353413', 'bank', '313452060150', '青岛银行', '85', '', NOW(), NOW());
INSERT INTO `tb_dict` VALUES ('1356521668121108481', '1319924025534353413', 'bank', '313453001017', '齐商银行', '86', '', NOW(), NOW());
INSERT INTO `tb_dict` VALUES ('1356521668129497090', '1319924025534353413', 'bank', '313454000016', '枣庄银行', '87', '', NOW(), NOW());
INSERT INTO `tb_dict` VALUES ('1356521668146274305', '1319924025534353413', 'bank', '313455000018', '东营银行', '88', '', NOW(), NOW());
INSERT INTO `tb_dict` VALUES ('1356521668158857217', '1319924025534353413', 'bank', '313456000108', '烟台商业银行', '89', '', NOW(), NOW());
INSERT INTO `tb_dict` VALUES ('1356521668167245826', '1319924025534353413', 'bank', '313458000013', '潍坊银行', '90', '', NOW(), NOW());
INSERT INTO `tb_dict` VALUES ('1356521668184023041', '1319924025534353413', 'bank', '313461000012', '济宁银行股份有限公司', '91', '', NOW(), NOW());
INSERT INTO `tb_dict` VALUES ('1356521668200800258', '1319924025534353413', 'bank', '313463000993', '泰安市商业银行', '92', '', NOW(), NOW());
INSERT INTO `tb_dict` VALUES ('1356521668209188866', '1319924025534353413', 'bank', '313463400019', '莱商银行', '93', '', NOW(), NOW());
INSERT INTO `tb_dict` VALUES ('1356521668225966082', '1319924025534353413', 'bank', '313465000010', '威海商业银行', '94', '', NOW(), NOW());
INSERT INTO `tb_dict` VALUES ('1356521668246937602', '1319924025534353413', 'bank', '313468000015', '德州银行', '95', '', NOW(), NOW());
INSERT INTO `tb_dict` VALUES ('1356521668263714818', '1319924025534353413', 'bank', '313473070018', '临商银行', '96', '', NOW(), NOW());
INSERT INTO `tb_dict` VALUES ('1356521668280492034', '1319924025534353413', 'bank', '313473200011', '日照银行', '97', '', NOW(), NOW());
INSERT INTO `tb_dict` VALUES ('1356521668293074945', '1319924025534353413', 'bank', '313491000232', '郑州银行', '98', '', NOW(), NOW());
INSERT INTO `tb_dict` VALUES ('1356521668301463553', '1319924025534353413', 'bank', '313491099996', '中原银行', '99', '', NOW(), NOW());
INSERT INTO `tb_dict` VALUES ('1356521668318240770', '1319924025534353413', 'bank', '313493080539', '洛阳银行', '100', '', NOW(), NOW());
INSERT INTO `tb_dict` VALUES ('1356521668335017986', '1319924025534353413', 'bank', '313495081900', '平顶山银行股份有限公司', '101', '', NOW(), NOW());
INSERT INTO `tb_dict` VALUES ('1356521668351795202', '1319924025534353413', 'bank', '313501080608', '焦作中旅银行股份有限公司', '102', '', NOW(), NOW());
INSERT INTO `tb_dict` VALUES ('1356521668360183809', '1319924025534353413', 'bank', '313521000011', '汉口银行', '103', '', NOW(), NOW());
INSERT INTO `tb_dict` VALUES ('1356521668376961025', '1319924025534353413', 'bank', '313521006000', '湖北银行股份有限公司', '104', '', NOW(), NOW());
INSERT INTO `tb_dict` VALUES ('1356521668393738242', '1319924025534353413', 'bank', '313551070008', '华融湘江银行股份有限公司', '105', '', NOW(), NOW());
INSERT INTO `tb_dict` VALUES ('1356521668406321153', '1319924025534353413', 'bank', '313551088886', '长沙银行', '106', '', NOW(), NOW());
INSERT INTO `tb_dict` VALUES ('1356521668418904066', '1319924025534353413', 'bank', '313581003284', '广州银行股份有限公司', '107', '', NOW(), NOW());
INSERT INTO `tb_dict` VALUES ('1356521668435681282', '1319924025534353413', 'bank', '313585000990', '珠海华润银行股份有限公司', '108', '', NOW(), NOW());
INSERT INTO `tb_dict` VALUES ('1356521668444069889', '1319924025534353413', 'bank', '313586000006', '广东华兴银行', '109', '', NOW(), NOW());
INSERT INTO `tb_dict` VALUES ('1356521668460847106', '1319924025534353413', 'bank', '313591001001', '广东南粤银行', '110', '', NOW(), NOW());
INSERT INTO `tb_dict` VALUES ('1356521668477624322', '1319924025534353413', 'bank', '313602088017', '东莞市商业银行', '111', '', NOW(), NOW());
INSERT INTO `tb_dict` VALUES ('1356521668486012929', '1319924025534353413', 'bank', '313611001018', '广西北部湾银行', '112', '', NOW(), NOW());
INSERT INTO `tb_dict` VALUES ('1356521668494401537', '1319924025534353413', 'bank', '313614000012', '柳州银行', '113', '', NOW(), NOW());
INSERT INTO `tb_dict` VALUES ('1356521668502790146', '1319924025534353413', 'bank', '313617000018', '桂林市商业银行', '114', '', NOW(), NOW());
INSERT INTO `tb_dict` VALUES ('1356521668515373058', '1319924025534353413', 'bank', '313641099995', '海南银行股份有限公司', '115', '', NOW(), NOW());
INSERT INTO `tb_dict` VALUES ('1356521668523761666', '1319924025534353413', 'bank', '313651099999', '成都银行', '116', '', NOW(), NOW());
INSERT INTO `tb_dict` VALUES ('1356521668532150273', '1319924025534353413', 'bank', '313653000013', '重庆银行', '117', '', NOW(), NOW());
INSERT INTO `tb_dict` VALUES ('1356521668548927489', '1319924025534353413', 'bank', '313655091983', '自贡市商业银行', '118', '', NOW(), NOW());
INSERT INTO `tb_dict` VALUES ('1356521668557316097', '1319924025534353413', 'bank', '313656000019', '攀枝花市商业银行', '119', '', NOW(), NOW());
INSERT INTO `tb_dict` VALUES ('1356521668582481922', '1319924025534353413', 'bank', '313657092617', '泸州银行股份有限公司', '120', '', NOW(), NOW());
INSERT INTO `tb_dict` VALUES ('1356521668611842050', '1319924025534353413', 'bank', '313658000014', '德阳银行', '121', '', NOW(), NOW());
INSERT INTO `tb_dict` VALUES ('1356521668620230657', '1319924025534353413', 'bank', '313659000016', '绵阳市商业银行', '122', '', NOW(), NOW());
INSERT INTO `tb_dict` VALUES ('1356521668632813569', '1319924025534353413', 'bank', '313662000015', '遂宁银行股份有限公司', '123', '', NOW(), NOW());
INSERT INTO `tb_dict` VALUES ('1356521668641202178', '1319924025534353413', 'bank', '313665092924', '乐山市商业银行', '124', '', NOW(), NOW());
INSERT INTO `tb_dict` VALUES ('1356521668649590785', '1319924025534353413', 'bank', '313671000017', '宜宾市商业银行', '125', '', NOW(), NOW());
INSERT INTO `tb_dict` VALUES ('1356521668657979393', '1319924025534353413', 'bank', '313673093259', '四川天府银行股份有限公司', '126', '', NOW(), NOW());
INSERT INTO `tb_dict` VALUES ('1356521668666368001', '1319924025534353413', 'bank', '313675090019', '达州银行股份有限公司', '127', '', NOW(), NOW());
INSERT INTO `tb_dict` VALUES ('1356521668674756610', '1319924025534353413', 'bank', '313677000010', '雅安市商业银行股份有限公司', '128', '', NOW(), NOW());
INSERT INTO `tb_dict` VALUES ('1356521668691533825', '1319924025534353413', 'bank', '313684093748', '凉山州商业银行', '129', '', NOW(), NOW());
INSERT INTO `tb_dict` VALUES ('1356521668699922433', '1319924025534353413', 'bank', '313701098010', '贵阳银行股份有限公司', '130', '', NOW(), NOW());
INSERT INTO `tb_dict` VALUES ('1356521668704116738', '1319924025534353413', 'bank', '313701099012', '贵州银行股份有限公司', '131', '', NOW(), NOW());
INSERT INTO `tb_dict` VALUES ('1356521668716699649', '1319924025534353413', 'bank', '313731010015', '富滇银行', '132', '', NOW(), NOW());
INSERT INTO `tb_dict` VALUES ('1356521668725088257', '1319924025534353413', 'bank', '313736000019', '曲靖市商业银行', '133', '', NOW(), NOW());
INSERT INTO `tb_dict` VALUES ('1356521668733476865', '1319924025534353413', 'bank', '313741095715', '云南红塔银行股份有限公司', '134', '', NOW(), NOW());
INSERT INTO `tb_dict` VALUES ('1356521668741865473', '1319924025534353413', 'bank', '313770000016', '西藏银行股份有限公司', '135', '', NOW(), NOW());
INSERT INTO `tb_dict` VALUES ('1356521668750254081', '1319924025534353413', 'bank', '313791000015', '西安银行股份有限公司', '136', '', NOW(), NOW());
INSERT INTO `tb_dict` VALUES ('1356521668762836994', '1319924025534353413', 'bank', '313791030003', '长安银行', '137', '', NOW(), NOW());
INSERT INTO `tb_dict` VALUES ('1356521668771225601', '1319924025534353413', 'bank', '313821001016', '兰州银行', '138', '', NOW(), NOW());
INSERT INTO `tb_dict` VALUES ('1356521668779614210', '1319924025534353413', 'bank', '313821050016', '甘肃银行股份有限公司', '139', '', NOW(), NOW());
INSERT INTO `tb_dict` VALUES ('1356521668788002817', '1319924025534353413', 'bank', '313851000018', '青海银行', '140', '', NOW(), NOW());
INSERT INTO `tb_dict` VALUES ('1356521668796391426', '1319924025534353413', 'bank', '313871000007', '宁夏银行', '141', '', NOW(), NOW());
INSERT INTO `tb_dict` VALUES ('1356521668804780033', '1319924025534353413', 'bank', '313872097457', '石嘴山银行股份有限公司', '142', '', NOW(), NOW());
INSERT INTO `tb_dict` VALUES ('1356521668813168641', '1319924025534353413', 'bank', '313881000002', '乌鲁木齐市商业银行', '143', '', NOW(), NOW());
INSERT INTO `tb_dict` VALUES ('1356521668821557249', '1319924025534353413', 'bank', '313881088887', '新疆银行股份有限公司', '144', '', NOW(), NOW());
INSERT INTO `tb_dict` VALUES ('1356521668829945858', '1319924025534353413', 'bank', '313882000012', '昆仑银行', '145', '', NOW(), NOW());
INSERT INTO `tb_dict` VALUES ('1356521668838334466', '1319924025534353413', 'bank', '313884000016', '哈密市商业银行股份有限公司', '146', '', NOW(), NOW());
INSERT INTO `tb_dict` VALUES ('1356521668846723073', '1319924025534353413', 'bank', '313888000013', '库尔勒银行股份有限公司', '147', '', NOW(), NOW());
INSERT INTO `tb_dict` VALUES ('1356521668855111681', '1319924025534353413', 'bank', '313898100016', '新疆汇和银行股份有限公司（清算行）', '148', '', NOW(), NOW());
INSERT INTO `tb_dict` VALUES ('1356521668863500289', '1319924025534353413', 'bank', '314302200018', '江阴农村商业银行', '149', '', NOW(), NOW());
INSERT INTO `tb_dict` VALUES ('1356521668871888897', '1319924025534353413', 'bank', '314305106644', '太仓农村商业银行', '150', '', NOW(), NOW());
INSERT INTO `tb_dict` VALUES ('1356521668888666114', '1319924025534353413', 'bank', '314305206650', '昆山农村商业银行', '151', '', NOW(), NOW());
INSERT INTO `tb_dict` VALUES ('1356521668897054722', '1319924025534353413', 'bank', '314305400015', '吴江农商行', '152', '', NOW(), NOW());
INSERT INTO `tb_dict` VALUES ('1356521668905443330', '1319924025534353413', 'bank', '314305506621', '常熟农村商业银行', '153', '', NOW(), NOW());
INSERT INTO `tb_dict` VALUES ('1356521668913831938', '1319924025534353413', 'bank', '314305670002', '张家港农村商业银行', '154', '', NOW(), NOW());
INSERT INTO `tb_dict` VALUES ('1356521668922220546', '1319924025534353413', 'bank', '314581000011', '广州农村商业银行股份有限公司', '155', '', NOW(), NOW());
INSERT INTO `tb_dict` VALUES ('1356521668930609154', '1319924025534353413', 'bank', '314588000016', '广东顺德农村商业银行', '156', '', NOW(), NOW());
INSERT INTO `tb_dict` VALUES ('1356521668938997761', '1319924025534353413', 'bank', '314641000014', '海口联合农村商业银行', '157', '', NOW(), NOW());
INSERT INTO `tb_dict` VALUES ('1356521668947386369', '1319924025534353413', 'bank', '314651000000', '成都农商银行', '158', '', NOW(), NOW());
INSERT INTO `tb_dict` VALUES ('1356521668955774978', '1319924025534353413', 'bank', '314651019086', '成都农商银行都江堰金凤分理处', '159', '', NOW(), NOW());
INSERT INTO `tb_dict` VALUES ('1356521668964163586', '1319924025534353413', 'bank', '314651019352', '成都农商银行都江堰柳河分理处', '160', '', NOW(), NOW());
INSERT INTO `tb_dict` VALUES ('1356521668972552193', '1319924025534353413', 'bank', '314653000011', '重庆农村商业银行股份有限公司', '161', '', NOW(), NOW());
INSERT INTO `tb_dict` VALUES ('1356521668989329410', '1319924025534353413', 'bank', '315456000105', '恒丰银行', '162', '', NOW(), NOW());
INSERT INTO `tb_dict` VALUES ('1356521668997718017', '1319924025534353413', 'bank', '316331000018', '浙商银行', '163', '', NOW(), NOW());
INSERT INTO `tb_dict` VALUES ('1356521669006106625', '1319924025534353413', 'bank', '317110010019', '天津农村商业银行', '164', '', NOW(), NOW());
INSERT INTO `tb_dict` VALUES ('1356521669014495233', '1319924025534353413', 'bank', '318110000014', '渤海银行', '165', '', NOW(), NOW());
INSERT INTO `tb_dict` VALUES ('1356521669022883841', '1319924025534353413', 'bank', '319361000013', '徽商银行', '166', '', NOW(), NOW());
INSERT INTO `tb_dict` VALUES ('1356521669039661057', '1319924025534353413', 'bank', '320100010011', '北京顺义银座村镇银行', '167', '', NOW(), NOW());
INSERT INTO `tb_dict` VALUES ('1356521669056438273', '1319924025534353413', 'bank', '320241017017', '榆树融兴村镇银行', '168', '', NOW(), NOW());
INSERT INTO `tb_dict` VALUES ('1356521669064826882', '1319924025534353413', 'bank', '320343800019', '浙江景宁银座村镇银行', '169', '', NOW(), NOW());
INSERT INTO `tb_dict` VALUES ('1356521669073215489', '1319924025534353413', 'bank', '320345790018', '浙江三门银座村镇银行', '170', '', NOW(), NOW());
INSERT INTO `tb_dict` VALUES ('1356521669081604098', '1319924025534353413', 'bank', '320428090311', '江西赣州银座村镇银行', '171', '', NOW(), NOW());
INSERT INTO `tb_dict` VALUES ('1356521669098381313', '1319924025534353413', 'bank', '320584002002', '深圳福田银座村镇银行', '172', '', NOW(), NOW());
INSERT INTO `tb_dict` VALUES ('1356521669106769921', '1319924025534353413', 'bank', '320653000104', '重庆渝北银座村镇银行', '173', '', NOW(), NOW());
INSERT INTO `tb_dict` VALUES ('1356521669123547137', '1319924025534353413', 'bank', '320687000016', '重庆黔江银座村镇银行', '174', '', NOW(), NOW());
INSERT INTO `tb_dict` VALUES ('1356521669131935745', '1319924025534353413', 'bank', '321667090019', '重庆三峡银行股份有限公司', '175', '', NOW(), NOW());
INSERT INTO `tb_dict` VALUES ('1356521669140324354', '1319924025534353413', 'bank', '322290000011', '上海农商银行', '176', '', NOW(), NOW());
INSERT INTO `tb_dict` VALUES ('1356521669148712961', '1319924025534353413', 'bank', '323110000008', '天津金城银行股份有限公司', '177', '', NOW(), NOW());
INSERT INTO `tb_dict` VALUES ('1356521669157101570', '1319924025534353413', 'bank', '323221000086', '辽宁振兴银行股份有限公司', '178', '', NOW(), NOW());
INSERT INTO `tb_dict` VALUES ('1356521669165490178', '1319924025534353413', 'bank', '323241000016', '吉林亿联银行股份有限公司', '179', '', NOW(), NOW());
INSERT INTO `tb_dict` VALUES ('1356521669173878785', '1319924025534353413', 'bank', '323290000016', '上海华瑞银行', '180', '', NOW(), NOW());
INSERT INTO `tb_dict` VALUES ('1356521669190656002', '1319924025534353413', 'bank', '323301000019', '江苏苏宁银行股份有限公司', '181', '', NOW(), NOW());
INSERT INTO `tb_dict` VALUES ('1356521669207433218', '1319924025534353413', 'bank', '323302000012', '无锡锡商银行股份有限公司', '182', '', NOW(), NOW());
INSERT INTO `tb_dict` VALUES ('1356521669215821826', '1319924025534353413', 'bank', '323331000001', '浙江网商银行股份有限公司', '183', '', NOW(), NOW());
INSERT INTO `tb_dict` VALUES ('1356521669224210433', '1319924025534353413', 'bank', '323333000013', '温州民商银行股份有限公司', '184', '', NOW(), NOW());
INSERT INTO `tb_dict` VALUES ('1356521669232599041', '1319924025534353413', 'bank', '323361000014', '安徽新安银行股份有限公司', '185', '', NOW(), NOW());
INSERT INTO `tb_dict` VALUES ('1356521669249376257', '1319924025534353413', 'bank', '323391060018', '福建华通银行股份有限公司', '186', '', NOW(), NOW());
INSERT INTO `tb_dict` VALUES ('1356521669257764865', '1319924025534353413', 'bank', '323421052006', '江西裕民银行股份有限公司', '187', '', NOW(), NOW());
INSERT INTO `tb_dict` VALUES ('1356521669266153474', '1319924025534353413', 'bank', '323465000019', '威海蓝海银行股份有限公司', '188', '', NOW(), NOW());
INSERT INTO `tb_dict` VALUES ('1356521669274542081', '1319924025534353413', 'bank', '323521012066', '武汉众邦银行股份有限公司', '189', '', NOW(), NOW());
INSERT INTO `tb_dict` VALUES ('1356521669291319298', '1319924025534353413', 'bank', '323551000015', '湖南三湘银行股份有限公司', '190', '', NOW(), NOW());
INSERT INTO `tb_dict` VALUES ('1356521669299707906', '1319924025534353413', 'bank', '323584000888', '深圳前海微众银行股份有限公司', '191', '', NOW(), NOW());
INSERT INTO `tb_dict` VALUES ('1356521669312290817', '1319924025534353413', 'bank', '323596001013', '梅州客商银行股份有限公司', '192', '', NOW(), NOW());
INSERT INTO `tb_dict` VALUES ('1356521669316485122', '1319924025534353413', 'bank', '323651066666', '四川新网银行股份有限公司', '193', '', NOW(), NOW());
INSERT INTO `tb_dict` VALUES ('1356521669324873730', '1319924025534353413', 'bank', '323653010015', '重庆富民银行股份有限公司', '194', '', NOW(), NOW());
INSERT INTO `tb_dict` VALUES ('1356521669333262337', '1319924025534353413', 'bank', '325290000012', '上海银行', '195', '', NOW(), NOW());
INSERT INTO `tb_dict` VALUES ('1356521669341650946', '1319924025534353413', 'bank', '326100010008', '中信百信银行', '196', '', NOW(), NOW());
INSERT INTO `tb_dict` VALUES ('1356521669354233857', '1319924025534353413', 'bank', '402100000018', '北京农村商业银行', '197', '', NOW(), NOW());
INSERT INTO `tb_dict` VALUES ('1356521669362622466', '1319924025534353413', 'bank', '402241000015', '吉林农信联合社', '198', '', NOW(), NOW());
INSERT INTO `tb_dict` VALUES ('1356521669371011073', '1319924025534353413', 'bank', '402301099998', '江苏省农村信用社联合社', '199', '', NOW(), NOW());
INSERT INTO `tb_dict` VALUES ('1356521669379399682', '1319924025534353413', 'bank', '402331000007', '浙江省农村信用社联合社', '200', '', NOW(), NOW());
INSERT INTO `tb_dict` VALUES ('1356521669387788290', '1319924025534353413', 'bank', '402332010004', '宁波鄞州农村商业银行', '201', '', NOW(), NOW());
INSERT INTO `tb_dict` VALUES ('1356521669396176898', '1319924025534353413', 'bank', '402361018886', '安徽省农村信用社联合社', '202', '', NOW(), NOW());
INSERT INTO `tb_dict` VALUES ('1356521669412954114', '1319924025534353413', 'bank', '402391000068', '福建省农村信用社联合社', '203', '', NOW(), NOW());
INSERT INTO `tb_dict` VALUES ('1356521669421342721', '1319924025534353413', 'bank', '402421099990', '江西省农村信用社联合社', '204', '', NOW(), NOW());
INSERT INTO `tb_dict` VALUES ('1356521669429731329', '1319924025534353413', 'bank', '402451000010', '山东省农村信用社联合社', '205', '', NOW(), NOW());
INSERT INTO `tb_dict` VALUES ('1356521669438119937', '1319924025534353413', 'bank', '402491000026', '河南省农村信用社联合社', '206', '', NOW(), NOW());
INSERT INTO `tb_dict` VALUES ('1356521669446508545', '1319924025534353413', 'bank', '402521000032', '湖北农信', '207', '', NOW(), NOW());
INSERT INTO `tb_dict` VALUES ('1356521669459091458', '1319924025534353413', 'bank', '402551080008', '湖南省农村信用社联合社', '208', '', NOW(), NOW());
INSERT INTO `tb_dict` VALUES ('1356521669467480065', '1319924025534353413', 'bank', '402581090008', '广东省农村信用社联合社', '209', '', NOW(), NOW());
INSERT INTO `tb_dict` VALUES ('1356521669475868673', '1319924025534353413', 'bank', '402584009991', '深圳农村商业银行', '210', '', NOW(), NOW());
INSERT INTO `tb_dict` VALUES ('1356521669484257282', '1319924025534353413', 'bank', '402602000018', '东莞农村商业银行', '211', '', NOW(), NOW());
INSERT INTO `tb_dict` VALUES ('1356521669492645890', '1319924025534353413', 'bank', '402611099974', '广西壮族自治区农村信用社联合社', '212', '', NOW(), NOW());
INSERT INTO `tb_dict` VALUES ('1356521669501034498', '1319924025534353413', 'bank', '402641000014', '海南省农村信用社联合社', '213', '', NOW(), NOW());
INSERT INTO `tb_dict` VALUES ('1356521669513617410', '1319924025534353413', 'bank', '402651020006', '四川省农村信用社联合社', '214', '', NOW(), NOW());
INSERT INTO `tb_dict` VALUES ('1356521669522006017', '1319924025534353413', 'bank', '402701002999', '贵州省农村信用社联合社', '215', '', NOW(), NOW());
INSERT INTO `tb_dict` VALUES ('1356521669530394626', '1319924025534353413', 'bank', '402731057238', '云南省农村信用社', '216', '', NOW(), NOW());
INSERT INTO `tb_dict` VALUES ('1356521669538783234', '1319924025534353413', 'bank', '402871099996', '黄河农村商业银行', '217', '', NOW(), NOW());
INSERT INTO `tb_dict` VALUES ('1356521669547171842', '1319924025534353413', 'bank', '403100000004', '邮储银行', '218', '', NOW(), NOW());
INSERT INTO `tb_dict` VALUES ('1356521669555560450', '1319924025534353413', 'bank', '502290000006', '东亚银行有限公司', '219', '', NOW(), NOW());
INSERT INTO `tb_dict` VALUES ('1356521669563949058', '1319924025534353413', 'bank', '503290000007', '南洋商业银行（中国）有限公司', '220', '', NOW(), NOW());
INSERT INTO `tb_dict` VALUES ('1356521669572337665', '1319924025534353413', 'bank', '513584000007', '大新银行（中国）有限公司', '221', '', NOW(), NOW());
INSERT INTO `tb_dict` VALUES ('1356521669580726273', '1319924025534353413', 'bank', '514584000002', '中信银行国际（中国）有限公司', '222', '', NOW(), NOW());
INSERT INTO `tb_dict` VALUES ('1356521669589114882', '1319924025534353413', 'bank', '529584000006', '玉山银行（中国）有限公司', '223', '', NOW(), NOW());
INSERT INTO `tb_dict` VALUES ('1356521669597503490', '1319924025534353413', 'bank', '531290088881', '花旗银行(中国)有限公司', '224', '', NOW(), NOW());
INSERT INTO `tb_dict` VALUES ('1356521669605892098', '1319924025534353413', 'bank', '533100000009', '摩根大通银行(中国)有限公司', '225', '', NOW(), NOW());
INSERT INTO `tb_dict` VALUES ('1356521669614280706', '1319924025534353413', 'bank', '563290000018', '三井住友银行(中国)有限公司', '226', '', NOW(), NOW());
INSERT INTO `tb_dict` VALUES ('1356521669622669314', '1319924025534353413', 'bank', '564290000010', '瑞穗银行（中国）有限公司', '227', '', NOW(), NOW());
INSERT INTO `tb_dict` VALUES ('1356521669631057922', '1319924025534353413', 'bank', '593100000020', '友利银行(中国)有限公司', '228', '', NOW(), NOW());
INSERT INTO `tb_dict` VALUES ('1356521669639446530', '1319924025534353413', 'bank', '595100000007', '新韩银行', '229', '', NOW(), NOW());
INSERT INTO `tb_dict` VALUES ('1356521669647835137', '1319924025534353413', 'bank', '596110000013', '企业银行（中国）', '230', '', NOW(), NOW());
INSERT INTO `tb_dict` VALUES ('1356521669656223746', '1319924025534353413', 'bank', '597100000014', '韩亚银行（中国）', '231', '', NOW(), NOW());
INSERT INTO `tb_dict` VALUES ('1356521669664612354', '1319924025534353413', 'bank', '598100000016', '国民银行（中国）有限公司', '232', '', NOW(), NOW());
INSERT INTO `tb_dict` VALUES ('1356521669677195266', '1319924025534353413', 'bank', '600301000003', '永丰银行（中国）有限公司', '233', '', NOW(), NOW());
INSERT INTO `tb_dict` VALUES ('1356521669685583873', '1319924025534353413', 'bank', '616301000015', '首都银行（中国）有限公司', '234', '', NOW(), NOW());
INSERT INTO `tb_dict` VALUES ('1356521669693972481', '1319924025534353413', 'bank', '621290000011', '华侨永亨银行（中国）有限公司', '235', '', NOW(), NOW());
INSERT INTO `tb_dict` VALUES ('1356521669702361089', '1319924025534353413', 'bank', '622290000008', '大华银行（中国）有限公司', '236', '', NOW(), NOW());
INSERT INTO `tb_dict` VALUES ('1356521669710749698', '1319924025534353413', 'bank', '631290000002', '盘谷银行(中国)有限公司', '237', '', NOW(), NOW());
INSERT INTO `tb_dict` VALUES ('1356521669719138305', '1319924025534353413', 'bank', '633584000001', '开泰银行(中国)有限公司', '238', '', NOW(), NOW());
INSERT INTO `tb_dict` VALUES ('1356521669727526914', '1319924025534353413', 'bank', '691100000011', '法国兴业银行(中国)有限公司', '239', '', NOW(), NOW());
INSERT INTO `tb_dict` VALUES ('1356521669735915522', '1319924025534353413', 'bank', '712100000011', '德意志银行（中国）有限公司', '240', '', NOW(), NOW());
INSERT INTO `tb_dict` VALUES ('1356521669744304129', '1319924025534353413', 'bank', '717110000010', '中德住房储蓄银行', '241', '', NOW(), NOW());
INSERT INTO `tb_dict` VALUES ('1356521669752692738', '1319924025534353413', 'bank', '742100000016', '瑞士银行(中国)有限公司', '242', '', NOW(), NOW());
INSERT INTO `tb_dict` VALUES ('1356521669761081346', '1319924025534353413', 'bank', '771585000010', '摩根士丹利国际银行（中国）有限公司', '243', '', NOW(), NOW());
INSERT INTO `tb_dict` VALUES ('1356521669769469954', '1319924025534353413', 'bank', '773393000011', '新联商业银行', '244', '', NOW(), NOW());
INSERT INTO `tb_dict` VALUES ('1356521669777858561', '1319924025534353413', 'bank', '775290000018', '华美银行(中国)有限公司', '245', '', NOW(), NOW());
INSERT INTO `tb_dict` VALUES ('1356521669790441474', '1319924025534353413', 'bank', '781393010011', '厦门国际银行股份有限公司', '246', '', NOW(), NOW());
INSERT INTO `tb_dict` VALUES ('1356521669798830081', '1319924025534353413', 'bank', '782290000018', '法国巴黎银行（中国）有限公司', '247', '', NOW(), NOW());
INSERT INTO `tb_dict` VALUES ('1356521669807218689', '1319924025534353413', 'bank', '785584000009', '华商银行', '248', '', NOW(), NOW());
INSERT INTO `tb_dict` VALUES ('1356521669815607297', '1319924025534353413', 'bank', '787290000019', '富邦华一银行有限公司', '249', '', NOW(), NOW());

INSERT INTO `tb_dict`  VALUES ('1353958771681931266', '0', 'platformCertification', 'platformCertification', 'true', '99', '平台是否三要素检测，true代表检验过了', NOW(), NOW());



INSERT INTO `tb_invoice_catalog`  VALUES ('1307971755501895682', '技术咨询', '提供信息、建议、策划、顾问等服务的活动，包括软件、技术等方面的咨询；对技术项目提供可行性论证、技术预测和测试、技术培训、专题技术调查、分析报告和专业知识咨询等。', '研发技术服务＊技术咨询', '0', NOW(), NOW());
INSERT INTO `tb_invoice_catalog`  VALUES ('1351448925623996418', '技术服务', '指气象服务、地震服务、海洋服务、测绘服务、城市规划、环境与生态监测服务等专项技术服务。', '现代服务*技术服务', '0', NOW(), NOW());
INSERT INTO `tb_invoice_catalog`  VALUES ('1351448996247687169', '软件开发服务', '对基础软件、应用软件、嵌入式软件等软件提供的开发服务。', '信息技术服务*软件开发服务', '0', NOW(), NOW());
INSERT INTO `tb_invoice_catalog`  VALUES ('1351449045241352194', '软件咨询服务', '对基础软件、应用软件、嵌入式软件等软件提供的开发服务。', '信息技术服务＊软件咨询服务', '0', NOW(), NOW());
INSERT INTO `tb_invoice_catalog`  VALUES ('1351449081643716609', '软件维护服务', '对基础软件、应用软件、嵌入式软件等软件提供的开发服务。', '信息技术服务＊软件维护服务', '0', NOW(), NOW());
INSERT INTO `tb_invoice_catalog`  VALUES ('1351449119727996930', '软件测试服务', '对基础软件、应用软件、嵌入式软件等软件提供的开发服务。', '信息技术服务＊软件测试服务', '0', NOW(), NOW());
INSERT INTO `tb_invoice_catalog`  VALUES ('1351449167610171393', '电路设计服务', '指提供集成电路、电子电路产品等提供的设计服务。', '信息技术服务＊电路设计服务', '0', NOW(), NOW());
INSERT INTO `tb_invoice_catalog`  VALUES ('1351449236598083586', '电路测试服务', '指对集成电路、电子电路产品等提供的测试服务。', '信息技术服务＊电路测试服务', '0', NOW(), NOW());
INSERT INTO `tb_invoice_catalog`  VALUES ('1351449275181486081', '相关电路技术支持服务', '指对集成电路、电子电路产品等提供的技术支持服务。', '信息技术服务＊相关电路技术支持服务', '0', NOW(), NOW());
INSERT INTO `tb_invoice_catalog`  VALUES ('1351449338435784706', '信息系统服务', '是指提供信息系统集成、网络管理、网站内容维护、桌面管理与维护、信息系统应用、基础信息技术管理平台整合、信息技术基础设施管理、数据中心、托管中心、信息安全服务、在线杀毒、虚拟主机等业务活动。包括网站对非自有的网络游戏提供的网络运营服务。', '信息技术服务＊信息系统服务', '0', NOW(), NOW());
INSERT INTO `tb_invoice_catalog`  VALUES ('1351449378944372737', '业务流程管理服务', '依托信息技术提供的人力资源管理、财务经济管理、审计管理、税务管理、物流信息管理、经营信息管理和呼叫中心等服务的活动。', '信息技术服务＊业务流程管理服务', '0', NOW(), NOW());
INSERT INTO `tb_invoice_catalog`  VALUES ('1351449416550502401', '信息系统增值服务', '利用信息系统资源为用户附加提供的信息技术服务。包括数据处理、分析和整合、数据库管理、数据备份、数据存储、容灾服务、电子商务平台等。', '信息技术服务＊信息系统增值服务', '0', NOW(), NOW());
INSERT INTO `tb_invoice_catalog`  VALUES ('1351449468090109954', '工程设计服务', '为房屋建筑物工程、煤炭工程、化工石化医药工程、石油天然气工程、电力工程、冶金工程、机械工程、商业工程、仓储工程、粮食工程、核工业工程、电子通信广电工程、轻纺工程、建材工程、铁道工程、公路工程、水运工程、民航工程、市政工程、农林工程、水利工程、海洋工程、体育及休闲娱乐工程、室内装饰、专项工程等提供的设计服务。', '设计服务＊工程设计服务', '0', NOW(), NOW());
INSERT INTO `tb_invoice_catalog`  VALUES ('1351449513589919746', '专业设计服务', '工业设计、造型设计、服装设计、环境设计、平面设计、包装设计、动漫设计、网游设计、展示设计、网站设计、机械设计、广告设计等。', '设计服务＊专业设计服务', '0', NOW(), NOW());
INSERT INTO `tb_invoice_catalog`  VALUES ('1351449551229603841', '文印晒图服务', '文印晒图服务', '设计服务＊文印晒图服务', '0', NOW(), NOW());
INSERT INTO `tb_invoice_catalog`  VALUES ('1351449614655868930', '其他设计服务', '创意策划等其他设计服务', '设计服务＊其他设计服务', '0', NOW(), NOW());
INSERT INTO `tb_invoice_catalog`  VALUES ('1351449652039700481', '知识产权服务', '指处理知识产权事务的业务活动。包括对专利、商标、著作权、软件、集成电路布图设计的登记、鉴定、评估、认证、检索服务。', '设计服务＊知识产权服务', '0', NOW(), NOW());
INSERT INTO `tb_invoice_catalog`  VALUES ('1351449698625835009', '广告代理服务', '指广告经营者接受广告或广告发布者委托，从事广告媒介安排等经营活动。', '广告服务＊广告代理服务', '0', NOW(), NOW());
INSERT INTO `tb_invoice_catalog`  VALUES ('1351449736026443777', '展览服务', '为博览会、专业技术产品展览、生活消费品展览、文化产品展览、进出口交易展会、一般产品展会、产品订货展会等提供的展览服务。', '会议展览服务＊展览服务', '0', NOW(), NOW());
INSERT INTO `tb_invoice_catalog`  VALUES ('1351449768498745345', '装卸搬运服务', '使用装卸搬运工具或人力、畜力将货物在运输工具之间、装卸现场之间或者运输工具与装卸现场之间进行装卸和搬运的业务活动。', '物流辅助服务*装卸搬运服务', '0', NOW(), NOW());
INSERT INTO `tb_invoice_catalog`  VALUES ('1351449805010161665', '文化服务', '为满足社会公众文化生活需求提供的各种服务。包括文艺创作、文艺表演、文化比赛、图书馆的图书和资料借阅、档案馆的档案管理、文物及非物质遗产保护、组织举办宗教活动、科技活动、文化活动。', '生活服务＊文化服务', '0', NOW(), NOW());
INSERT INTO `tb_invoice_catalog`  VALUES ('1351449840204566529', '体育服务', '组织举办体育比赛、体育表演、体育活动，提供体育训练、体育指导、体育管理的业务活动。', '生活服务＊体育服务', '0', NOW(), NOW());
INSERT INTO `tb_invoice_catalog`  VALUES ('1351449876112003074', '咨询服务', '提供信息、建议、策划、顾问等服务的活动。包括翻译服务、市场调查服务、金融、软件、技术、财务、税收、法律、内部管理、业务运作、流程管理、健康等方面的咨询。', '其他咨询服务*咨询服务', '0', NOW(), NOW());
INSERT INTO `tb_invoice_catalog`  VALUES ('1351449919296557058', '市场推广', '通过线上推广和线下推广等方式提高甲方（包括但不限于甲方App\\网站等）知名度和点击量，其中线上推广方式包括但不限于在各类社交平台或线上社群发帖、转帖、发优惠券等，线下推广方式包括但不限于贴海报、发传单、发赠品/试用品等。', '现代服务＊市场推广', '0', NOW(), NOW());
INSERT INTO `tb_invoice_catalog`  VALUES ('1351449964200775682', '渠道搭建及使用', '乙方按照甲方约定具体服务事项和成果要求，将渠道搭建及使用事项进行精准配置和安排，包含但不限于协调安排项目服务人员通过个人对特定市场的影响力，使用其个人渠道资源根据甲方要求促成指定项目的具体成果。', '现代服务＊渠道搭建及使用', '0', NOW(), NOW());
INSERT INTO `tb_invoice_catalog`  VALUES ('1351450001941123074', '音视频服务', '主播挑选、主播培训、输出直播内容。甲方有权要求乙方自行提供、配置与直播服务有关的环境和设备并承担与此直接相关的费用，包括但不限于网络、电脑、麦克风、音视频装置、设备等。', '现代服务＊音视频服务', '0', NOW(), NOW());
INSERT INTO `tb_invoice_catalog`  VALUES ('1351450037676593154', '教育信息咨询', '提供教育文化领域的专业信息咨询、指导建议、策划教育资讯活动等。', '其他咨询服务*教育信息咨询', '0', NOW(), NOW());
INSERT INTO `tb_invoice_catalog`  VALUES ('1351450078675914753', '其他企业管理服务', '提供总部管理、市场管理、日常综合管理等服务。', '企业管理服务*其他企业管理服务', '0', NOW(), NOW());
INSERT INTO `tb_invoice_catalog`  VALUES ('1351450113924845569', '家政服务（非员工制）', '提供居家清洁护理服务。', '现代服务*家政服务', '0', NOW(), NOW());



INSERT INTO `tb_menu`  VALUES ('1351450113924846661', 'home_page', '首页', '0', '0', NOW(), NOW());
INSERT INTO `tb_menu`  VALUES ('1351450113924846610', '/tax/total', '总包发票', '1351450113924846664', '0', NOW(), NOW());
INSERT INTO `tb_menu`  VALUES ('1351450113924846611', '/tax/morePackage/', '众包发票', '1351450113924846664', '0', NOW(), NOW());
INSERT INTO `tb_menu`  VALUES ('1351450113924846612', '/shop', '商户管理', '0', '1', NOW(), NOW());
INSERT INTO `tb_menu`  VALUES ('1351450113924846613', '/service/index', '服务商管理', '0', '1', NOW(), NOW());
INSERT INTO `tb_menu`  VALUES ('1351450113924846614', '/supervision/index', '监督部门管理', '0', '1', NOW(), NOW());
INSERT INTO `tb_menu`  VALUES ('1351450113924846615', '/organization', '组织结构', '0', '1', NOW(), NOW());
INSERT INTO `tb_menu`  VALUES ('1351450113924846616', '/applet', '小程序设置', '0', '1', NOW(), NOW());
INSERT INTO `tb_menu`  VALUES ('1351450113924846617', '/tax/subPackage', '分包发票', '1351450113924846664', '0', NOW(), NOW());
INSERT INTO `tb_menu`  VALUES ('1351450113924846618', '/shop/pass', '签约商户', '1351450113924846612', '1', NOW(), NOW());
INSERT INTO `tb_menu`  VALUES ('1351450113924846619', '/shop/wait', '待审核商户', '1351450113924846612', '1', NOW(), NOW());
INSERT INTO `tb_menu`  VALUES ('1351450113924846662', '/task/index', '任务管理', '0', '0', NOW(), NOW());
INSERT INTO `tb_menu`  VALUES ('1351450113924846620', '/worker/cert', '已认证创客', '1351450113924846665', '0', NOW(), NOW());
INSERT INTO `tb_menu`  VALUES ('1351450113924846621', '/worker/uncert', '待认证创客', '1351450113924846665', '0', NOW(), NOW());
INSERT INTO `tb_menu`  VALUES ('1351450113924846622', '/organization/assistant', '平台业务专员', '1351450113924846615', '1', NOW(), NOW());
INSERT INTO `tb_menu`  VALUES ('1351450113924846623', '/organization/agent', '代理商', '1351450113924846615', '1', NOW(), NOW());
INSERT INTO `tb_menu`  VALUES ('1351450113924846624', '/applet/fq', '常见问题', '1351450113924846616', '1', NOW(), NOW());
INSERT INTO `tb_menu`  VALUES ('1351450113924846625', '/applet/banner', 'Banner轮播图', '1351450113924846616', '1', NOW(), NOW());
INSERT INTO `tb_menu`  VALUES ('1351450113924846626', '/applet/other', '其他信息', '1351450113924846616', '1', NOW(), NOW());
INSERT INTO `tb_menu`  VALUES ('1351450113924846627', '/payType/index', '支付方式', '0', '2', NOW(), NOW());
INSERT INTO `tb_menu`  VALUES ('1351450113924846628', '/service/index', '服务商列表', '0', '2', NOW(), NOW());
INSERT INTO `tb_menu`  VALUES ('1351450113924846629', '/tax/total/wait', '待开票', '1351450113924846610', '0', NOW(), NOW());
INSERT INTO `tb_menu`  VALUES ('1351450113924846663', '/pay', '支付管理', '0', '0', NOW(), NOW());
INSERT INTO `tb_menu`  VALUES ('1351450113924846630', '/tax/total/done', '已开票', '1351450113924846610', '0', NOW(), NOW());
INSERT INTO `tb_menu`  VALUES ('1351450113924846631', '/tax/morePackage/wait', '待开票', '1351450113924846611', '0', NOW(), NOW());
INSERT INTO `tb_menu`  VALUES ('1351450113924846632', '/tax/morePackage/done', '已开票', '1351450113924846611', '0', NOW(), NOW());
INSERT INTO `tb_menu`  VALUES ('1351450113924846633', '/tax/subPackage/wait', '待开票', '1351450113924846617', '1', NOW(), NOW());
INSERT INTO `tb_menu`  VALUES ('1351450113924846634', '/tax/subPackage/done', '已开票', '1351450113924846617', '1', NOW(), NOW());
INSERT INTO `tb_menu`  VALUES ('1351450113924846664', '/tax', '发票管理', '0', '0', NOW(), NOW());
INSERT INTO `tb_menu`  VALUES ('1351450113924846665', '/worker', '创客管理', '0', '0', NOW(), NOW());
INSERT INTO `tb_menu`  VALUES ('1351450113924846666', '/shop/index', '客户基本资料', '0', '2', NOW(), NOW());
INSERT INTO `tb_menu`  VALUES ('1351450113924846667', '/auth/index', '权限管理', '0', '0', NOW(), NOW());
INSERT INTO `tb_menu`  VALUES ('1351450113924846668', '/pay/totalAndSub/index', '总包+分包支付', '1351450113924846663', '0', NOW(), NOW());
INSERT INTO `tb_menu`  VALUES ('1351450113924846669', '/pay/crowd/index', '众包支付', '1351450113924846663', '0', NOW(), NOW());



INSERT INTO `tb_object_menu`  VALUES ('1347127470249652226', '1351450113924846629', '1308716289793970178', NOW(), NOW());
INSERT INTO `tb_object_menu`  VALUES ('1347127470497116161', '1351450113924846630', '1308716289793970178', NOW(), NOW());
INSERT INTO `tb_object_menu`  VALUES ('1347127470731997185', '1351450113924846631', '1308716289793970178', NOW(), NOW());
INSERT INTO `tb_object_menu`  VALUES ('1347127470987849730', '1351450113924846632', '1308716289793970178', NOW(), NOW());
INSERT INTO `tb_object_menu`  VALUES ('1347127471231119361', '1351450113924846633', '1308716289793970178', NOW(), NOW());
INSERT INTO `tb_object_menu`  VALUES ('1347127471474388993', '1351450113924846634', '1308716289793970178', NOW(), NOW());
INSERT INTO `tb_object_menu`  VALUES ('1351854177238032386', '1351450113924846661', '1308716289793970178', NOW(), NOW());
INSERT INTO `tb_object_menu`  VALUES ('1351854177485496321', '1351450113924846662', '1308716289793970178', NOW(), NOW());
INSERT INTO `tb_object_menu`  VALUES ('1351854177485496322', '1351450113924846663', '1308716289793970178', NOW(), NOW());
INSERT INTO `tb_object_menu`  VALUES ('1351854177485496323', '1351450113924846664', '1308716289793970178', NOW(), NOW());
INSERT INTO `tb_object_menu`  VALUES ('1351854177485496324', '1351450113924846665', '1308716289793970178', NOW(), NOW());
INSERT INTO `tb_object_menu`  VALUES ('1351854177485496325', '1351450113924846625', '1308716289793970178', NOW(), NOW());
INSERT INTO `tb_object_menu`  VALUES ('1351854177493884929', '1351450113924846667', '1308716289793970178', NOW(), NOW());
INSERT INTO `tb_object_menu`  VALUES ('1351854177493884930', '1351450113924846668', '1308716289793970178', NOW(), NOW());
INSERT INTO `tb_object_menu`  VALUES ('1351854177493884931', '1351450113924846669', '1308716289793970178', NOW(), NOW());
INSERT INTO `tb_object_menu`  VALUES ('1351854177493884932', '1351450113924846610', '1308716289793970178', NOW(), NOW());
INSERT INTO `tb_object_menu`  VALUES ('1351854177493884933', '1351450113924846611', '1308716289793970178', NOW(), NOW());
INSERT INTO `tb_object_menu`  VALUES ('1351854177493884934', '1351450113924846612', '1308716289793970178', NOW(), NOW());
INSERT INTO `tb_object_menu`  VALUES ('1351854177502273537', '1351450113924846613', '1308716289793970178', NOW(), NOW());
INSERT INTO `tb_object_menu`  VALUES ('1351854177502273538', '1351450113924846614', '1308716289793970178', NOW(), NOW());
INSERT INTO `tb_object_menu`  VALUES ('1351854177502273539', '1351450113924846615', '1308716289793970178', NOW(), NOW());
INSERT INTO `tb_object_menu`  VALUES ('1351854177502273540', '1351450113924846616', '1308716289793970178', NOW(), NOW());
INSERT INTO `tb_object_menu`  VALUES ('1351854177502273541', '1351450113924846617', '1308716289793970178', NOW(), NOW());
INSERT INTO `tb_object_menu`  VALUES ('1351854177510662146', '1351450113924846618', '1308716289793970178', NOW(), NOW());
INSERT INTO `tb_object_menu`  VALUES ('1351854177510662147', '1351450113924846619', '1308716289793970178', NOW(), NOW());
INSERT INTO `tb_object_menu`  VALUES ('1351854177510662148', '1351450113924846620', '1308716289793970178', NOW(), NOW());
INSERT INTO `tb_object_menu`  VALUES ('1351854177510662149', '1351450113924846621', '1308716289793970178', NOW(), NOW());
INSERT INTO `tb_object_menu`  VALUES ('1351854177510662150', '1351450113924846622', '1308716289793970178', NOW(), NOW());
INSERT INTO `tb_object_menu`  VALUES ('1351854177510662151', '1351450113924846623', '1308716289793970178', NOW(), NOW());
INSERT INTO `tb_object_menu`  VALUES ('1351854177510662152', '1351450113924846624', '1308716289793970178', NOW(), NOW());
INSERT INTO `tb_object_menu`  VALUES ('1351854177510662153', '1351450113924846626', '1308716289793970178', NOW(), NOW());



INSERT INTO `tb_managers` VALUES ('1308716289793970178', '0', 'superAdmin', '超级管理员', 'superAdmin', '', '', '19120666950', '8472810e8c4de3499aa63d7b6d4a31a4', '', '', '3', '0', '', NOW(), NOW());



INSERT INTO `tb_applet_other_info` VALUES ('1349230872928616450', '客服电话', '4005566236', 'TEXT', NOW(), NOW());
INSERT INTO `tb_applet_other_info` VALUES ('1349231570902745090', '隐私协议', '隐私协议隐私协议隐私协议隐私协议隐私协议隐私协议隐私', 'TEXT', NOW(), NOW());
INSERT INTO `tb_applet_other_info` VALUES ('1349231673109544962', '银行卡信息协议', '银行卡', 'TEXT', NOW(), NOW());
INSERT INTO `tb_applet_other_info` VALUES ('1349231778218803201', '小程序操作指南', 'http://lgy-v3.lgyun.com.cn:80/static/image/ba47afd8342746cab515724571010f91.png', 'IMG', NOW(), NOW());
INSERT INTO `tb_applet_other_info` VALUES ('1356810995099160577', '海报', '海报', 'IMG', NOW(), NOW());
INSERT INTO `tb_applet_other_info` VALUES ('1356811043602092033', '小程序分享', '小程序分享', 'IMG', NOW(), NOW());
