INSERT INTO `linggongyun_v3`.`tb_dict` (`id`, `parent_id`, `code`, `dict_key`, `dict_value`, `sort`, `remark`, `create_date`, `update_date`, `bool_deleted`) VALUES ('1319920146952404557', '0', 'express', 'express', '快递公司', '0', '', '2020-12-21 18:44:55', '2020-12-21 18:44:55', '\0');
INSERT INTO `linggongyun_v3`.`tb_dict` (`id`, `parent_id`, `code`, `dict_key`, `dict_value`, `sort`, `remark`, `create_date`, `update_date`, `bool_deleted`) VALUES ('1319924024854876162', '1319920146952404557', 'express', 'HTKY', '百世快递', '1', '', '2020-12-21 18:44:55', '2020-12-21 18:44:55', '\0');
INSERT INTO `linggongyun_v3`.`tb_dict` (`id`, `parent_id`, `code`, `dict_key`, `dict_value`, `sort`, `remark`, `create_date`, `update_date`, `bool_deleted`) VALUES ('1319924025316249602', '1319920146952404557', 'express', 'ZTO', '中通快递', '2', '', '2020-12-21 18:44:55', '2020-12-21 18:44:55', '\0');
INSERT INTO `linggongyun_v3`.`tb_dict` (`id`, `parent_id`, `code`, `dict_key`, `dict_value`, `sort`, `remark`, `create_date`, `update_date`, `bool_deleted`) VALUES ('1319924025337221121', '1319920146952404557', 'express', 'STO', '申通快递', '3', '', '2020-12-21 18:44:55', '2020-12-21 18:44:55', '\0');
INSERT INTO `linggongyun_v3`.`tb_dict` (`id`, `parent_id`, `code`, `dict_key`, `dict_value`, `sort`, `remark`, `create_date`, `update_date`, `bool_deleted`) VALUES ('1319924025362386945', '1319920146952404557', 'express', 'YTO', '圆通速递', '4', '', '2020-12-21 18:44:55', '2020-12-21 18:44:55', '\0');
INSERT INTO `linggongyun_v3`.`tb_dict` (`id`, `parent_id`, `code`, `dict_key`, `dict_value`, `sort`, `remark`, `create_date`, `update_date`, `bool_deleted`) VALUES ('1319924025379164162', '1319920146952404557', 'express', 'YD', '韵达速递', '5', '', '2020-12-21 18:44:55', '2020-12-21 18:44:55', '\0');
INSERT INTO `linggongyun_v3`.`tb_dict` (`id`, `parent_id`, `code`, `dict_key`, `dict_value`, `sort`, `remark`, `create_date`, `update_date`, `bool_deleted`) VALUES ('1319924025404329986', '1319920146952404557', 'express', 'YZPY', '邮政快递', '6', '', '2020-12-21 18:44:55', '2020-12-21 18:44:55', '\0');
INSERT INTO `linggongyun_v3`.`tb_dict` (`id`, `parent_id`, `code`, `dict_key`, `dict_value`, `sort`, `remark`, `create_date`, `update_date`, `bool_deleted`) VALUES ('1319924025421107202', '1319920146952404557', 'express', 'EMS', 'EMS', '7', '', '2020-12-21 18:44:55', '2020-12-21 18:44:55', '\0');
INSERT INTO `linggongyun_v3`.`tb_dict` (`id`, `parent_id`, `code`, `dict_key`, `dict_value`, `sort`, `remark`, `create_date`, `update_date`, `bool_deleted`) VALUES ('1319924025437884418', '1319920146952404557', 'express', 'HHTT', '天天快递', '8', '', '2020-12-21 18:44:55', '2020-12-21 18:44:55', '\0');
INSERT INTO `linggongyun_v3`.`tb_dict` (`id`, `parent_id`, `code`, `dict_key`, `dict_value`, `sort`, `remark`, `create_date`, `update_date`, `bool_deleted`) VALUES ('1319924025463050242', '1319920146952404557', 'express', 'JD', '京东快递', '9', '', '2020-12-21 18:44:55', '2020-12-21 18:44:55', '\0');
INSERT INTO `linggongyun_v3`.`tb_dict` (`id`, `parent_id`, `code`, `dict_key`, `dict_value`, `sort`, `remark`, `create_date`, `update_date`, `bool_deleted`) VALUES ('1319924025479827457', '1319920146952404557', 'express', 'UC', '优速快递', '10', '', '2020-12-21 18:44:55', '2020-12-21 18:44:55', '\0');
INSERT INTO `linggongyun_v3`.`tb_dict` (`id`, `parent_id`, `code`, `dict_key`, `dict_value`, `sort`, `remark`, `create_date`, `update_date`, `bool_deleted`) VALUES ('1319924025496604674', '1319920146952404557', 'express', 'DBL', '德邦快递', '11', '', '2020-12-21 18:44:55', '2020-12-21 18:44:55', '\0');
INSERT INTO `linggongyun_v3`.`tb_dict` (`id`, `parent_id`, `code`, `dict_key`, `dict_value`, `sort`, `remark`, `create_date`, `update_date`, `bool_deleted`) VALUES ('1319924025517576193', '1319920146952404557', 'express', 'ZJS', '宅急送', '12', '', '2020-12-21 18:44:55', '2020-12-21 18:44:55', '\0');
INSERT INTO `linggongyun_v3`.`tb_dict` (`id`, `parent_id`, `code`, `dict_key`, `dict_value`, `sort`, `remark`, `create_date`, `update_date`, `bool_deleted`) VALUES ('1319924025534353410', '1319920146952404557', 'express', 'SF', '顺丰快递', '13', '', '2020-12-21 18:44:55', '2020-12-21 18:44:55', '\0');
INSERT INTO `linggongyun_v3`.`tb_dict` (`id`, `parent_id`, `code`, `dict_key`, `dict_value`, `sort`, `remark`, `create_date`, `update_date`, `bool_deleted`) VALUES ('1319924025534353413', '0', 'bank', 'bank', '银行类型', '0', '', '2020-12-21 18:44:55', '2020-12-21 18:44:55', '\0');
INSERT INTO `linggongyun_v3`.`tb_dict` (`id`, `parent_id`, `code`, `dict_key`, `dict_value`, `sort`, `remark`, `create_date`, `update_date`, `bool_deleted`) VALUES ('1319927703494348801', '1319924025534353413', 'bank', 'BKCHCNBJ', '中国银行', '1', '', '2020-12-21 18:44:55', '2020-12-21 18:44:55', '\0');
INSERT INTO `linggongyun_v3`.`tb_dict` (`id`, `parent_id`, `code`, `dict_key`, `dict_value`, `sort`, `remark`, `create_date`, `update_date`, `bool_deleted`) VALUES ('1319927703947333634', '1319924025534353413', 'bank', 'ICBKCNBJ', '工商银行', '2', '', '2020-12-21 18:44:55', '2020-12-21 18:44:55', '\0');
INSERT INTO `linggongyun_v3`.`tb_dict` (`id`, `parent_id`, `code`, `dict_key`, `dict_value`, `sort`, `remark`, `create_date`, `update_date`, `bool_deleted`) VALUES ('1319927703968305154', '1319924025534353413', 'bank', 'PCBCCNBJ', '建设银行', '3', '', '2020-12-21 18:44:55', '2020-12-21 18:44:55', '\0');
INSERT INTO `linggongyun_v3`.`tb_dict` (`id`, `parent_id`, `code`, `dict_key`, `dict_value`, `sort`, `remark`, `create_date`, `update_date`, `bool_deleted`) VALUES ('1319927703985082369', '1319924025534353413', 'bank', 'ABOCCNBJ', '农业银行', '4', '', '2020-12-21 18:44:55', '2020-12-21 18:44:55', '\0');
INSERT INTO `linggongyun_v3`.`tb_dict` (`id`, `parent_id`, `code`, `dict_key`, `dict_value`, `sort`, `remark`, `create_date`, `update_date`, `bool_deleted`) VALUES ('1319927704001859586', '1319924025534353413', 'bank', 'CMBCCNBS', '招商银行', '5', '', '2020-12-21 18:44:55', '2020-12-21 18:44:55', '\0');
INSERT INTO `linggongyun_v3`.`tb_dict` (`id`, `parent_id`, `code`, `dict_key`, `dict_value`, `sort`, `remark`, `create_date`, `update_date`, `bool_deleted`) VALUES ('1319927704027025409', '1319924025534353413', 'bank', 'COMMCN', '交通银行', '6', '', '2020-12-21 18:44:55', '2020-12-21 18:44:55', '\0');
INSERT INTO `linggongyun_v3`.`tb_dict` (`id`, `parent_id`, `code`, `dict_key`, `dict_value`, `sort`, `remark`, `create_date`, `update_date`, `bool_deleted`) VALUES ('1319927704043802625', '1319924025534353413', 'bank', 'CIBKCNBJ', '中信银行', '7', '', '2020-12-21 18:44:55', '2020-12-21 18:44:55', '\0');
INSERT INTO `linggongyun_v3`.`tb_dict` (`id`, `parent_id`, `code`, `dict_key`, `dict_value`, `sort`, `remark`, `create_date`, `update_date`, `bool_deleted`) VALUES ('1319927704068968449', '1319924025534353413', 'bank', 'FJIBCNBA', '兴业银行', '8', '', '2020-12-21 18:44:55', '2020-12-21 18:44:55', '\0');
INSERT INTO `linggongyun_v3`.`tb_dict` (`id`, `parent_id`, `code`, `dict_key`, `dict_value`, `sort`, `remark`, `create_date`, `update_date`, `bool_deleted`) VALUES ('1319927704094134273', '1319924025534353413', 'bank', 'MSBCCNBJ', '民生银行', '9', '', '2020-12-21 18:44:55', '2020-12-21 18:44:55', '\0');
INSERT INTO `linggongyun_v3`.`tb_dict` (`id`, `parent_id`, `code`, `dict_key`, `dict_value`, `sort`, `remark`, `create_date`, `update_date`, `bool_deleted`) VALUES ('1319927704110911490', '1319924025534353413', 'bank', 'HXBKCN', '华夏银行', '10', '', '2020-12-21 18:44:55', '2020-12-21 18:44:55', '\0');
INSERT INTO `linggongyun_v3`.`tb_dict` (`id`, `parent_id`, `code`, `dict_key`, `dict_value`, `sort`, `remark`, `create_date`, `update_date`, `bool_deleted`) VALUES ('1319927704127688705', '1319924025534353413', 'bank', 'SPDBCNSH', '浦发银行', '11', '', '2020-12-21 18:44:55', '2020-12-21 18:44:55', '\0');
INSERT INTO `linggongyun_v3`.`tb_dict` (`id`, `parent_id`, `code`, `dict_key`, `dict_value`, `sort`, `remark`, `create_date`, `update_date`, `bool_deleted`) VALUES ('1319927704144465921', '1319924025534353413', 'bank', 'HSBCCNSH', '汇丰银行', '12', '', '2020-12-21 18:44:55', '2020-12-21 18:44:55', '\0');
INSERT INTO `linggongyun_v3`.`tb_dict` (`id`, `parent_id`, `code`, `dict_key`, `dict_value`, `sort`, `remark`, `create_date`, `update_date`, `bool_deleted`) VALUES ('1319927704161243138', '1319924025534353413', 'bank', 'SCBLCNSX', '渣打银行', '13', '', '2020-12-21 18:44:55', '2020-12-21 18:44:55', '\0');
INSERT INTO `linggongyun_v3`.`tb_dict` (`id`, `parent_id`, `code`, `dict_key`, `dict_value`, `sort`, `remark`, `create_date`, `update_date`, `bool_deleted`) VALUES ('1319927704173826050', '1319924025534353413', 'bank', 'CITICNSX', '花旗银行', '14', '', '2020-12-21 18:44:55', '2020-12-21 18:44:55', '\0');
INSERT INTO `linggongyun_v3`.`tb_dict` (`id`, `parent_id`, `code`, `dict_key`, `dict_value`, `sort`, `remark`, `create_date`, `update_date`, `bool_deleted`) VALUES ('1319927704190603266', '1319924025534353413', 'bank', 'DEUTCNSH', '德意志银行', '15', '', '2020-12-21 18:44:55', '2020-12-21 18:44:55', '\0');
INSERT INTO `linggongyun_v3`.`tb_dict` (`id`, `parent_id`, `code`, `dict_key`, `dict_value`, `sort`, `remark`, `create_date`, `update_date`, `bool_deleted`) VALUES ('1319927704215769089', '1319924025534353413', 'bank', 'UBSWCNBJ', '瑞士银行', '16', '', '2020-12-21 18:44:55', '2020-12-21 18:44:55', '\0');
INSERT INTO `linggongyun_v3`.`tb_dict` (`id`, `parent_id`, `code`, `dict_key`, `dict_value`, `sort`, `remark`, `create_date`, `update_date`, `bool_deleted`) VALUES ('1319927704232546306', '1319924025534353413', 'bank', 'ABNACNSH', '荷兰银行', '17', '', '2020-12-21 18:44:55', '2020-12-21 18:44:55', '\0');
INSERT INTO `linggongyun_v3`.`tb_dict` (`id`, `parent_id`, `code`, `dict_key`, `dict_value`, `sort`, `remark`, `create_date`, `update_date`, `bool_deleted`) VALUES ('1319927704245129217', '1319924025534353413', 'bank', 'BLICHKHK', '香港汇丰', '18', '', '2020-12-21 18:44:55', '2020-12-21 18:44:55', '\0');
INSERT INTO `linggongyun_v3`.`tb_dict` (`id`, `parent_id`, `code`, `dict_key`, `dict_value`, `sort`, `remark`, `create_date`, `update_date`, `bool_deleted`) VALUES ('1319927704270295041', '1319924025534353413', 'bank', 'CITIHK', '香港花旗', '19', '', '2020-12-21 18:44:55', '2020-12-21 18:44:55', '\0');
INSERT INTO `linggongyun_v3`.`tb_dict` (`id`, `parent_id`, `code`, `dict_key`, `dict_value`, `sort`, `remark`, `create_date`, `update_date`, `bool_deleted`) VALUES ('1319927704287072257', '1319924025534353413', 'bank', 'BEASCNSH', '香港东亚银行', '20', '', '2020-12-21 18:44:55', '2020-12-21 18:44:55', '\0');
INSERT INTO `linggongyun_v3`.`tb_dict` (`id`, `parent_id`, `code`, `dict_key`, `dict_value`, `sort`, `remark`, `create_date`, `update_date`, `bool_deleted`) VALUES ('1319927704303849474', '1319924025534353413', 'bank', 'HASECNSHBEJ', '恒生银行', '21', '', '2020-12-21 18:44:55', '2020-12-21 18:44:55', '\0');
INSERT INTO `linggongyun_v3`.`tb_dict` (`id`, `parent_id`, `code`, `dict_key`, `dict_value`, `sort`, `remark`, `create_date`, `update_date`, `bool_deleted`) VALUES ('1353958771681931266', '0', 'platformCertification', 'platformCertification', 'true', '99', '平台是否三要素检测，true代表检验过了', '2021-01-26 14:51:41', '2021-01-27 14:45:12', '');



INSERT INTO `linggongyun_v3`.`tb_industry` (`id`, `industry_type`, `one_level`, `create_date`, `update_date`) VALUES ('1', '咨询服务', NULL, '2021-01-27 15:28:51', '2021-01-27 15:28:51');
INSERT INTO `linggongyun_v3`.`tb_industry` (`id`, `industry_type`, `one_level`, `create_date`, `update_date`) VALUES ('2', '企业服务', NULL, '2021-01-27 15:28:51', '2021-01-27 15:28:51');
INSERT INTO `linggongyun_v3`.`tb_industry` (`id`, `industry_type`, `one_level`, `create_date`, `update_date`) VALUES ('3', '房地产投资咨询', '1', '2021-01-27 15:28:51', '2021-01-27 15:28:51');
INSERT INTO `linggongyun_v3`.`tb_industry` (`id`, `industry_type`, `one_level`, `create_date`, `update_date`) VALUES ('4', '企业管理咨询', '1', '2021-01-27 15:28:51', '2021-01-27 15:28:51');
INSERT INTO `linggongyun_v3`.`tb_industry` (`id`, `industry_type`, `one_level`, `create_date`, `update_date`) VALUES ('5', '云软件服务', '2', '2021-01-27 15:28:51', '2021-01-27 15:28:51');
INSERT INTO `linggongyun_v3`.`tb_industry` (`id`, `industry_type`, `one_level`, `create_date`, `update_date`) VALUES ('6', '测量勘察服务', '2', '2021-01-27 15:28:51', '2021-01-27 15:28:51');
INSERT INTO `linggongyun_v3`.`tb_industry` (`id`, `industry_type`, `one_level`, `create_date`, `update_date`) VALUES ('7', '建设工程监理服务', '2', '2021-01-27 15:28:51', '2021-01-27 15:28:51');



INSERT INTO `linggongyun_v3`.`tb_invoice_catalog` (`id`, `service_type`, `service_content`, `billing_category`, `is_not`, `create_date`, `update_date`) VALUES ('1307971755501895682', '技术咨询', '提供信息、建议、策划、顾问等服务的活动，包括软件、技术等方面的咨询；对技术项目提供可行性论证、技术预测和测试、技术培训、专题技术调查、分析报告和专业知识咨询等。', '研发技术服务＊技术咨询', '0', '2020-12-15 16:19:06', '2020-12-15 16:19:10');
INSERT INTO `linggongyun_v3`.`tb_invoice_catalog` (`id`, `service_type`, `service_content`, `billing_category`, `is_not`, `create_date`, `update_date`) VALUES ('1351448925623996418', '技术服务', '指气象服务、地震服务、海洋服务、测绘服务、城市规划、环境与生态监测服务等专项技术服务。', '现代服务*技术服务', '0', '2021-01-19 16:38:27', '2021-01-19 16:38:27');
INSERT INTO `linggongyun_v3`.`tb_invoice_catalog` (`id`, `service_type`, `service_content`, `billing_category`, `is_not`, `create_date`, `update_date`) VALUES ('1351448996247687169', '软件开发服务', '对基础软件、应用软件、嵌入式软件等软件提供的开发服务。', '信息技术服务*软件开发服务', '0', '2021-01-19 16:38:44', '2021-01-19 16:38:44');
INSERT INTO `linggongyun_v3`.`tb_invoice_catalog` (`id`, `service_type`, `service_content`, `billing_category`, `is_not`, `create_date`, `update_date`) VALUES ('1351449045241352194', '软件咨询服务', '对基础软件、应用软件、嵌入式软件等软件提供的开发服务。', '信息技术服务＊软件咨询服务', '0', '2021-01-19 16:38:56', '2021-01-19 16:38:56');
INSERT INTO `linggongyun_v3`.`tb_invoice_catalog` (`id`, `service_type`, `service_content`, `billing_category`, `is_not`, `create_date`, `update_date`) VALUES ('1351449081643716609', '软件维护服务', '对基础软件、应用软件、嵌入式软件等软件提供的开发服务。', '信息技术服务＊软件维护服务', '0', '2021-01-19 16:39:04', '2021-01-19 16:39:04');
INSERT INTO `linggongyun_v3`.`tb_invoice_catalog` (`id`, `service_type`, `service_content`, `billing_category`, `is_not`, `create_date`, `update_date`) VALUES ('1351449119727996930', '软件测试服务', '对基础软件、应用软件、嵌入式软件等软件提供的开发服务。', '信息技术服务＊软件测试服务', '0', '2021-01-19 16:39:14', '2021-01-19 16:39:14');
INSERT INTO `linggongyun_v3`.`tb_invoice_catalog` (`id`, `service_type`, `service_content`, `billing_category`, `is_not`, `create_date`, `update_date`) VALUES ('1351449167610171393', '电路设计服务', '指提供集成电路、电子电路产品等提供的设计服务。', '信息技术服务＊电路设计服务', '0', '2021-01-19 16:39:25', '2021-01-19 16:39:25');
INSERT INTO `linggongyun_v3`.`tb_invoice_catalog` (`id`, `service_type`, `service_content`, `billing_category`, `is_not`, `create_date`, `update_date`) VALUES ('1351449236598083586', '电路测试服务', '指对集成电路、电子电路产品等提供的测试服务。', '信息技术服务＊电路测试服务', '0', '2021-01-19 16:39:41', '2021-01-19 16:39:41');
INSERT INTO `linggongyun_v3`.`tb_invoice_catalog` (`id`, `service_type`, `service_content`, `billing_category`, `is_not`, `create_date`, `update_date`) VALUES ('1351449275181486081', '相关电路技术支持服务', '指对集成电路、电子电路产品等提供的技术支持服务。', '信息技术服务＊相关电路技术支持服务', '0', '2021-01-19 16:39:51', '2021-01-19 16:39:51');
INSERT INTO `linggongyun_v3`.`tb_invoice_catalog` (`id`, `service_type`, `service_content`, `billing_category`, `is_not`, `create_date`, `update_date`) VALUES ('1351449338435784706', '信息系统服务', '是指提供信息系统集成、网络管理、网站内容维护、桌面管理与维护、信息系统应用、基础信息技术管理平台整合、信息技术基础设施管理、数据中心、托管中心、信息安全服务、在线杀毒、虚拟主机等业务活动。包括网站对非自有的网络游戏提供的网络运营服务。', '信息技术服务＊信息系统服务', '0', '2021-01-19 16:40:06', '2021-01-19 16:40:06');
INSERT INTO `linggongyun_v3`.`tb_invoice_catalog` (`id`, `service_type`, `service_content`, `billing_category`, `is_not`, `create_date`, `update_date`) VALUES ('1351449378944372737', '业务流程管理服务', '依托信息技术提供的人力资源管理、财务经济管理、审计管理、税务管理、物流信息管理、经营信息管理和呼叫中心等服务的活动。', '信息技术服务＊业务流程管理服务', '0', '2021-01-19 16:40:15', '2021-01-19 16:40:15');
INSERT INTO `linggongyun_v3`.`tb_invoice_catalog` (`id`, `service_type`, `service_content`, `billing_category`, `is_not`, `create_date`, `update_date`) VALUES ('1351449416550502401', '信息系统增值服务', '利用信息系统资源为用户附加提供的信息技术服务。包括数据处理、分析和整合、数据库管理、数据备份、数据存储、容灾服务、电子商务平台等。', '信息技术服务＊信息系统增值服务', '0', '2021-01-19 16:40:24', '2021-01-19 16:40:24');
INSERT INTO `linggongyun_v3`.`tb_invoice_catalog` (`id`, `service_type`, `service_content`, `billing_category`, `is_not`, `create_date`, `update_date`) VALUES ('1351449468090109954', '工程设计服务', '为房屋建筑物工程、煤炭工程、化工石化医药工程、石油天然气工程、电力工程、冶金工程、机械工程、商业工程、仓储工程、粮食工程、核工业工程、电子通信广电工程、轻纺工程、建材工程、铁道工程、公路工程、水运工程、民航工程、市政工程、农林工程、水利工程、海洋工程、体育及休闲娱乐工程、室内装饰、专项工程等提供的设计服务。', '设计服务＊工程设计服务', '0', '2021-01-19 16:40:37', '2021-01-19 16:40:37');
INSERT INTO `linggongyun_v3`.`tb_invoice_catalog` (`id`, `service_type`, `service_content`, `billing_category`, `is_not`, `create_date`, `update_date`) VALUES ('1351449513589919746', '专业设计服务', '工业设计、造型设计、服装设计、环境设计、平面设计、包装设计、动漫设计、网游设计、展示设计、网站设计、机械设计、广告设计等。', '设计服务＊专业设计服务', '0', '2021-01-19 16:40:47', '2021-01-19 16:40:47');
INSERT INTO `linggongyun_v3`.`tb_invoice_catalog` (`id`, `service_type`, `service_content`, `billing_category`, `is_not`, `create_date`, `update_date`) VALUES ('1351449551229603841', '文印晒图服务', '文印晒图服务', '设计服务＊文印晒图服务', '0', '2021-01-19 16:40:56', '2021-01-19 16:40:56');
INSERT INTO `linggongyun_v3`.`tb_invoice_catalog` (`id`, `service_type`, `service_content`, `billing_category`, `is_not`, `create_date`, `update_date`) VALUES ('1351449614655868930', '其他设计服务', '创意策划等其他设计服务', '设计服务＊其他设计服务', '0', '2021-01-19 16:41:12', '2021-01-19 16:41:12');
INSERT INTO `linggongyun_v3`.`tb_invoice_catalog` (`id`, `service_type`, `service_content`, `billing_category`, `is_not`, `create_date`, `update_date`) VALUES ('1351449652039700481', '知识产权服务', '指处理知识产权事务的业务活动。包括对专利、商标、著作权、软件、集成电路布图设计的登记、鉴定、评估、认证、检索服务。', '设计服务＊知识产权服务', '0', '2021-01-19 16:41:20', '2021-01-19 16:41:20');
INSERT INTO `linggongyun_v3`.`tb_invoice_catalog` (`id`, `service_type`, `service_content`, `billing_category`, `is_not`, `create_date`, `update_date`) VALUES ('1351449698625835009', '广告代理服务', '指广告经营者接受广告或广告发布者委托，从事广告媒介安排等经营活动。', '广告服务＊广告代理服务', '0', '2021-01-19 16:41:32', '2021-01-19 16:41:32');
INSERT INTO `linggongyun_v3`.`tb_invoice_catalog` (`id`, `service_type`, `service_content`, `billing_category`, `is_not`, `create_date`, `update_date`) VALUES ('1351449736026443777', '展览服务', '为博览会、专业技术产品展览、生活消费品展览、文化产品展览、进出口交易展会、一般产品展会、产品订货展会等提供的展览服务。', '会议展览服务＊展览服务', '0', '2021-01-19 16:41:40', '2021-01-19 16:41:40');
INSERT INTO `linggongyun_v3`.`tb_invoice_catalog` (`id`, `service_type`, `service_content`, `billing_category`, `is_not`, `create_date`, `update_date`) VALUES ('1351449768498745345', '装卸搬运服务', '使用装卸搬运工具或人力、畜力将货物在运输工具之间、装卸现场之间或者运输工具与装卸现场之间进行装卸和搬运的业务活动。', '物流辅助服务*装卸搬运服务', '0', '2021-01-19 16:41:48', '2021-01-19 16:41:48');
INSERT INTO `linggongyun_v3`.`tb_invoice_catalog` (`id`, `service_type`, `service_content`, `billing_category`, `is_not`, `create_date`, `update_date`) VALUES ('1351449805010161665', '文化服务', '为满足社会公众文化生活需求提供的各种服务。包括文艺创作、文艺表演、文化比赛、图书馆的图书和资料借阅、档案馆的档案管理、文物及非物质遗产保护、组织举办宗教活动、科技活动、文化活动。', '生活服务＊文化服务', '0', '2021-01-19 16:41:57', '2021-01-19 16:41:57');
INSERT INTO `linggongyun_v3`.`tb_invoice_catalog` (`id`, `service_type`, `service_content`, `billing_category`, `is_not`, `create_date`, `update_date`) VALUES ('1351449840204566529', '体育服务', '组织举办体育比赛、体育表演、体育活动，提供体育训练、体育指导、体育管理的业务活动。', '生活服务＊体育服务', '0', '2021-01-19 16:42:05', '2021-01-19 16:42:05');
INSERT INTO `linggongyun_v3`.`tb_invoice_catalog` (`id`, `service_type`, `service_content`, `billing_category`, `is_not`, `create_date`, `update_date`) VALUES ('1351449876112003074', '咨询服务', '提供信息、建议、策划、顾问等服务的活动。包括翻译服务、市场调查服务、金融、软件、技术、财务、税收、法律、内部管理、业务运作、流程管理、健康等方面的咨询。', '其他咨询服务*咨询服务', '0', '2021-01-19 16:42:14', '2021-01-19 16:42:14');
INSERT INTO `linggongyun_v3`.`tb_invoice_catalog` (`id`, `service_type`, `service_content`, `billing_category`, `is_not`, `create_date`, `update_date`) VALUES ('1351449919296557058', '市场推广', '通过线上推广和线下推广等方式提高甲方（包括但不限于甲方App\\网站等）知名度和点击量，其中线上推广方式包括但不限于在各类社交平台或线上社群发帖、转帖、发优惠券等，线下推广方式包括但不限于贴海报、发传单、发赠品/试用品等。', '现代服务＊市场推广', '0', '2021-01-19 16:42:24', '2021-01-19 16:42:24');
INSERT INTO `linggongyun_v3`.`tb_invoice_catalog` (`id`, `service_type`, `service_content`, `billing_category`, `is_not`, `create_date`, `update_date`) VALUES ('1351449964200775682', '渠道搭建及使用', '乙方按照甲方约定具体服务事项和成果要求，将渠道搭建及使用事项进行精准配置和安排，包含但不限于协调安排项目服务人员通过个人对特定市场的影响力，使用其个人渠道资源根据甲方要求促成指定项目的具体成果。', '现代服务＊渠道搭建及使用', '0', '2021-01-19 16:42:35', '2021-01-19 16:42:35');
INSERT INTO `linggongyun_v3`.`tb_invoice_catalog` (`id`, `service_type`, `service_content`, `billing_category`, `is_not`, `create_date`, `update_date`) VALUES ('1351450001941123074', '音视频服务', '主播挑选、主播培训、输出直播内容。甲方有权要求乙方自行提供、配置与直播服务有关的环境和设备并承担与此直接相关的费用，包括但不限于网络、电脑、麦克风、音视频装置、设备等。', '现代服务＊音视频服务', '0', '2021-01-19 16:42:44', '2021-01-19 16:42:44');
INSERT INTO `linggongyun_v3`.`tb_invoice_catalog` (`id`, `service_type`, `service_content`, `billing_category`, `is_not`, `create_date`, `update_date`) VALUES ('1351450037676593154', '教育信息咨询', '提供教育文化领域的专业信息咨询、指导建议、策划教育资讯活动等。', '其他咨询服务*教育信息咨询', '0', '2021-01-19 16:42:52', '2021-01-19 16:42:52');
INSERT INTO `linggongyun_v3`.`tb_invoice_catalog` (`id`, `service_type`, `service_content`, `billing_category`, `is_not`, `create_date`, `update_date`) VALUES ('1351450078675914753', '其他企业管理服务', '提供总部管理、市场管理、日常综合管理等服务。', '企业管理服务*其他企业管理服务', '0', '2021-01-19 16:43:02', '2021-01-19 16:43:02');
INSERT INTO `linggongyun_v3`.`tb_invoice_catalog` (`id`, `service_type`, `service_content`, `billing_category`, `is_not`, `create_date`, `update_date`) VALUES ('1351450113924845569', '家政服务（非员工制）', '提供居家清洁护理服务。', '现代服务*家政服务', '0', '2021-01-27 20:47:52', '2021-01-27 20:47:54');



INSERT INTO `linggongyun_v3`.`tb_menu` (`id`, `menu_name`, `menu_zhname`, `menu_parent`, `is_merchant`, `create_date`, `update_date`) VALUES ('1', 'home_page', '首页', NULL, '0', '2020-09-12 09:14:42', '2021-01-20 09:20:05');
INSERT INTO `linggongyun_v3`.`tb_menu` (`id`, `menu_name`, `menu_zhname`, `menu_parent`, `is_merchant`, `create_date`, `update_date`) VALUES ('10', '/tax/total', '总包发票', '4', '0', '2020-09-12 09:31:20', '2021-01-20 09:20:05');
INSERT INTO `linggongyun_v3`.`tb_menu` (`id`, `menu_name`, `menu_zhname`, `menu_parent`, `is_merchant`, `create_date`, `update_date`) VALUES ('11', '/tax/morePackage/', '众包发票', '4', '0', '2020-09-12 09:31:48', '2021-01-20 09:20:05');
INSERT INTO `linggongyun_v3`.`tb_menu` (`id`, `menu_name`, `menu_zhname`, `menu_parent`, `is_merchant`, `create_date`, `update_date`) VALUES ('12', '/shop', '商户管理', NULL, '1', '2020-10-10 17:33:58', '2021-01-20 09:20:05');
INSERT INTO `linggongyun_v3`.`tb_menu` (`id`, `menu_name`, `menu_zhname`, `menu_parent`, `is_merchant`, `create_date`, `update_date`) VALUES ('13', '/service/index', '服务商管理', NULL, '1', '2020-10-10 17:34:44', '2021-01-20 09:20:05');
INSERT INTO `linggongyun_v3`.`tb_menu` (`id`, `menu_name`, `menu_zhname`, `menu_parent`, `is_merchant`, `create_date`, `update_date`) VALUES ('14', '/supervision/index', '监督部门管理', NULL, '1', '2020-10-10 17:35:52', '2021-01-20 09:20:05');
INSERT INTO `linggongyun_v3`.`tb_menu` (`id`, `menu_name`, `menu_zhname`, `menu_parent`, `is_merchant`, `create_date`, `update_date`) VALUES ('15', '/organization', '组织结构', NULL, '1', '2020-10-10 17:37:06', '2021-01-20 09:20:05');
INSERT INTO `linggongyun_v3`.`tb_menu` (`id`, `menu_name`, `menu_zhname`, `menu_parent`, `is_merchant`, `create_date`, `update_date`) VALUES ('16', '/applet', '小程序设置', NULL, '1', '2020-10-10 17:38:20', '2021-01-20 09:20:05');
INSERT INTO `linggongyun_v3`.`tb_menu` (`id`, `menu_name`, `menu_zhname`, `menu_parent`, `is_merchant`, `create_date`, `update_date`) VALUES ('17', '/tax/subPackage', '分包发票', '4', '0', '2021-01-20 09:22:13', '2021-01-20 09:22:15');
INSERT INTO `linggongyun_v3`.`tb_menu` (`id`, `menu_name`, `menu_zhname`, `menu_parent`, `is_merchant`, `create_date`, `update_date`) VALUES ('18', '/shop/pass', '签约商户', '12', '1', '2021-01-20 09:31:06', '2021-01-20 09:31:09');
INSERT INTO `linggongyun_v3`.`tb_menu` (`id`, `menu_name`, `menu_zhname`, `menu_parent`, `is_merchant`, `create_date`, `update_date`) VALUES ('19', '/shop/wait', '待审核商户', '12', '1', '2021-01-20 09:31:38', '2021-01-20 09:31:40');
INSERT INTO `linggongyun_v3`.`tb_menu` (`id`, `menu_name`, `menu_zhname`, `menu_parent`, `is_merchant`, `create_date`, `update_date`) VALUES ('2', '/task/index', '任务管理', NULL, '0', '2020-09-12 09:15:35', '2021-01-20 09:20:05');
INSERT INTO `linggongyun_v3`.`tb_menu` (`id`, `menu_name`, `menu_zhname`, `menu_parent`, `is_merchant`, `create_date`, `update_date`) VALUES ('20', '/worker/cert', '已认证创客', '5', '0', '2021-01-20 09:33:06', '2021-01-20 09:33:08');
INSERT INTO `linggongyun_v3`.`tb_menu` (`id`, `menu_name`, `menu_zhname`, `menu_parent`, `is_merchant`, `create_date`, `update_date`) VALUES ('21', '/worker/uncert', '待认证创客', '5', '0', '2021-01-20 09:33:33', '2021-01-20 09:33:35');
INSERT INTO `linggongyun_v3`.`tb_menu` (`id`, `menu_name`, `menu_zhname`, `menu_parent`, `is_merchant`, `create_date`, `update_date`) VALUES ('22', '/organization/assistant', '平台业务专员', '15', '1', '2021-01-20 09:35:01', '2021-01-20 09:35:04');
INSERT INTO `linggongyun_v3`.`tb_menu` (`id`, `menu_name`, `menu_zhname`, `menu_parent`, `is_merchant`, `create_date`, `update_date`) VALUES ('23', '/organization/agent', '代理商', '15', '1', '2021-01-20 09:35:27', '2021-01-20 09:35:29');
INSERT INTO `linggongyun_v3`.`tb_menu` (`id`, `menu_name`, `menu_zhname`, `menu_parent`, `is_merchant`, `create_date`, `update_date`) VALUES ('24', '/applet/fq', '常见问题', '16', '1', '2021-01-20 09:36:48', '2021-01-20 09:36:50');
INSERT INTO `linggongyun_v3`.`tb_menu` (`id`, `menu_name`, `menu_zhname`, `menu_parent`, `is_merchant`, `create_date`, `update_date`) VALUES ('25', '/applet/banner', 'Banner轮播图', '16', '1', '2021-01-20 09:37:16', '2021-01-20 09:37:18');
INSERT INTO `linggongyun_v3`.`tb_menu` (`id`, `menu_name`, `menu_zhname`, `menu_parent`, `is_merchant`, `create_date`, `update_date`) VALUES ('26', '/applet/other', '其他信息', '16', '1', '2021-01-20 09:37:36', '2021-01-20 09:37:39');
INSERT INTO `linggongyun_v3`.`tb_menu` (`id`, `menu_name`, `menu_zhname`, `menu_parent`, `is_merchant`, `create_date`, `update_date`) VALUES ('27', '/payType/index', '支付方式', NULL, '2', '2021-01-20 11:01:59', '2021-01-20 11:02:01');
INSERT INTO `linggongyun_v3`.`tb_menu` (`id`, `menu_name`, `menu_zhname`, `menu_parent`, `is_merchant`, `create_date`, `update_date`) VALUES ('28', '/service/index', '服务商列表', NULL, '2', '2021-01-20 11:29:52', '2021-01-20 11:29:54');
INSERT INTO `linggongyun_v3`.`tb_menu` (`id`, `menu_name`, `menu_zhname`, `menu_parent`, `is_merchant`, `create_date`, `update_date`) VALUES ('29', '/tax/total/wait', '待开票', '10', '0', '2021-01-22 10:32:02', '2021-01-22 10:32:04');
INSERT INTO `linggongyun_v3`.`tb_menu` (`id`, `menu_name`, `menu_zhname`, `menu_parent`, `is_merchant`, `create_date`, `update_date`) VALUES ('3', '/pay', '支付管理', NULL, '0', '2020-09-12 09:16:24', '2021-01-20 09:20:05');
INSERT INTO `linggongyun_v3`.`tb_menu` (`id`, `menu_name`, `menu_zhname`, `menu_parent`, `is_merchant`, `create_date`, `update_date`) VALUES ('30', '/tax/total/done', '已开票', '10', '0', '2021-01-22 10:32:35', '2021-01-22 10:32:36');
INSERT INTO `linggongyun_v3`.`tb_menu` (`id`, `menu_name`, `menu_zhname`, `menu_parent`, `is_merchant`, `create_date`, `update_date`) VALUES ('31', '/tax/morePackage/wait', '待开票', '11', '0', '2021-01-22 10:33:02', '2021-01-22 10:33:05');
INSERT INTO `linggongyun_v3`.`tb_menu` (`id`, `menu_name`, `menu_zhname`, `menu_parent`, `is_merchant`, `create_date`, `update_date`) VALUES ('32', '/tax/morePackage/done', '已开票', '11', '0', '2021-01-22 10:33:38', '2021-01-22 10:33:40');
INSERT INTO `linggongyun_v3`.`tb_menu` (`id`, `menu_name`, `menu_zhname`, `menu_parent`, `is_merchant`, `create_date`, `update_date`) VALUES ('33', '/tax/subPackage/wait', '待开票', '17', '1', '2021-01-22 10:36:05', '2021-01-22 10:36:07');
INSERT INTO `linggongyun_v3`.`tb_menu` (`id`, `menu_name`, `menu_zhname`, `menu_parent`, `is_merchant`, `create_date`, `update_date`) VALUES ('34', '/tax/subPackage/done', '已开票', '17', '1', '2021-01-22 10:36:26', '2021-01-22 10:36:27');
INSERT INTO `linggongyun_v3`.`tb_menu` (`id`, `menu_name`, `menu_zhname`, `menu_parent`, `is_merchant`, `create_date`, `update_date`) VALUES ('4', '/tax', '发票管理', NULL, '0', '2020-09-12 09:19:05', '2021-01-20 09:20:05');
INSERT INTO `linggongyun_v3`.`tb_menu` (`id`, `menu_name`, `menu_zhname`, `menu_parent`, `is_merchant`, `create_date`, `update_date`) VALUES ('5', '/worker', '创客管理', NULL, '0', '2020-09-12 09:19:59', '2021-01-20 09:20:05');
INSERT INTO `linggongyun_v3`.`tb_menu` (`id`, `menu_name`, `menu_zhname`, `menu_parent`, `is_merchant`, `create_date`, `update_date`) VALUES ('6', '/shop/index', '客户基本资料', NULL, '2', '2020-09-12 09:21:10', '2021-01-20 09:20:05');
INSERT INTO `linggongyun_v3`.`tb_menu` (`id`, `menu_name`, `menu_zhname`, `menu_parent`, `is_merchant`, `create_date`, `update_date`) VALUES ('7', '/auth/index', '权限管理', NULL, '0', '2020-09-12 09:22:09', '2021-01-20 09:20:05');
INSERT INTO `linggongyun_v3`.`tb_menu` (`id`, `menu_name`, `menu_zhname`, `menu_parent`, `is_merchant`, `create_date`, `update_date`) VALUES ('8', '/pay/totalAndSub/index', '总包+分包支付', '3', '0', '2020-09-12 09:28:59', '2021-01-20 09:20:05');
INSERT INTO `linggongyun_v3`.`tb_menu` (`id`, `menu_name`, `menu_zhname`, `menu_parent`, `is_merchant`, `create_date`, `update_date`) VALUES ('9', '/pay/crowd/index', '众包支付', '3', '0', '2020-09-12 09:29:38', '2021-01-20 09:20:05');



INSERT INTO `linggongyun_v3`.`tb_managers` (`id`, `parent_id`, `role_name`, `real_name`, `user_name`, `user_dept`, `user_post`, `mobile_code`, `pass_word`, `user_desc`, `paas_name`, `user_sign`, `status`, `user_head`, `create_date`, `update_date`) VALUES ('1308716289793970178', '0', 'admin', '张三', 'zhangshang', NULL, NULL, '17777882233', 'esdafwb45cffe084dd3d20d928bee85e7b0f21', NULL, NULL, '3', '0', 'http://lgy-v3.lgyun.com.cn:80/static/image/6e3b36b601e54a52b73acf0df7ba854b.jpg', '2020-09-23 18:34:13', '2021-01-19 14:01:44');



INSERT INTO `linggongyun_v3`.`tb_object_menu` (`id`, `menu_id`, `object_user_id`, `create_date`, `update_date`) VALUES ('1347127470249652226', '29', '1308716289793970178', '2021-01-07 18:26:32', '2021-01-07 18:26:32');
INSERT INTO `linggongyun_v3`.`tb_object_menu` (`id`, `menu_id`, `object_user_id`, `create_date`, `update_date`) VALUES ('1347127470497116161', '30', '1308716289793970178', '2021-01-07 18:26:32', '2021-01-07 18:26:32');
INSERT INTO `linggongyun_v3`.`tb_object_menu` (`id`, `menu_id`, `object_user_id`, `create_date`, `update_date`) VALUES ('1347127470731997185', '31', '1308716289793970178', '2021-01-07 18:26:32', '2021-01-07 18:26:32');
INSERT INTO `linggongyun_v3`.`tb_object_menu` (`id`, `menu_id`, `object_user_id`, `create_date`, `update_date`) VALUES ('1347127470987849730', '32', '1308716289793970178', '2021-01-07 18:26:32', '2021-01-07 18:26:32');
INSERT INTO `linggongyun_v3`.`tb_object_menu` (`id`, `menu_id`, `object_user_id`, `create_date`, `update_date`) VALUES ('1347127471231119361', '33', '1308716289793970178', '2021-01-07 18:26:32', '2021-01-07 18:26:32');
INSERT INTO `linggongyun_v3`.`tb_object_menu` (`id`, `menu_id`, `object_user_id`, `create_date`, `update_date`) VALUES ('1347127471474388993', '34', '1308716289793970178', '2021-01-07 18:26:32', '2021-01-07 18:26:32');
INSERT INTO `linggongyun_v3`.`tb_object_menu` (`id`, `menu_id`, `object_user_id`, `create_date`, `update_date`) VALUES ('1351854177238032386', '1', '1308716289793970178', '2021-01-20 19:28:47', '2021-01-20 19:28:47');
INSERT INTO `linggongyun_v3`.`tb_object_menu` (`id`, `menu_id`, `object_user_id`, `create_date`, `update_date`) VALUES ('1351854177485496321', '2', '1308716289793970178', '2021-01-20 19:28:47', '2021-01-20 19:28:47');
INSERT INTO `linggongyun_v3`.`tb_object_menu` (`id`, `menu_id`, `object_user_id`, `create_date`, `update_date`) VALUES ('1351854177485496322', '3', '1308716289793970178', '2021-01-20 19:28:47', '2021-01-20 19:28:47');
INSERT INTO `linggongyun_v3`.`tb_object_menu` (`id`, `menu_id`, `object_user_id`, `create_date`, `update_date`) VALUES ('1351854177485496323', '4', '1308716289793970178', '2021-01-20 19:28:47', '2021-01-20 19:28:47');
INSERT INTO `linggongyun_v3`.`tb_object_menu` (`id`, `menu_id`, `object_user_id`, `create_date`, `update_date`) VALUES ('1351854177485496324', '5', '1308716289793970178', '2021-01-20 19:28:47', '2021-01-20 19:28:47');
INSERT INTO `linggongyun_v3`.`tb_object_menu` (`id`, `menu_id`, `object_user_id`, `create_date`, `update_date`) VALUES ('1351854177485496325', '25', '1308716289793970178', '2021-01-20 19:28:47', '2021-01-20 19:28:47');
INSERT INTO `linggongyun_v3`.`tb_object_menu` (`id`, `menu_id`, `object_user_id`, `create_date`, `update_date`) VALUES ('1351854177493884929', '7', '1308716289793970178', '2021-01-20 19:28:47', '2021-01-20 19:28:47');
INSERT INTO `linggongyun_v3`.`tb_object_menu` (`id`, `menu_id`, `object_user_id`, `create_date`, `update_date`) VALUES ('1351854177493884930', '8', '1308716289793970178', '2021-01-20 19:28:47', '2021-01-20 19:28:47');
INSERT INTO `linggongyun_v3`.`tb_object_menu` (`id`, `menu_id`, `object_user_id`, `create_date`, `update_date`) VALUES ('1351854177493884931', '9', '1308716289793970178', '2021-01-20 19:28:47', '2021-01-20 19:28:47');
INSERT INTO `linggongyun_v3`.`tb_object_menu` (`id`, `menu_id`, `object_user_id`, `create_date`, `update_date`) VALUES ('1351854177493884932', '10', '1308716289793970178', '2021-01-20 19:28:47', '2021-01-20 19:28:47');
INSERT INTO `linggongyun_v3`.`tb_object_menu` (`id`, `menu_id`, `object_user_id`, `create_date`, `update_date`) VALUES ('1351854177493884933', '11', '1308716289793970178', '2021-01-20 19:28:47', '2021-01-20 19:28:47');
INSERT INTO `linggongyun_v3`.`tb_object_menu` (`id`, `menu_id`, `object_user_id`, `create_date`, `update_date`) VALUES ('1351854177493884934', '12', '1308716289793970178', '2021-01-20 19:28:47', '2021-01-20 19:28:47');
INSERT INTO `linggongyun_v3`.`tb_object_menu` (`id`, `menu_id`, `object_user_id`, `create_date`, `update_date`) VALUES ('1351854177502273537', '13', '1308716289793970178', '2021-01-20 19:28:47', '2021-01-20 19:28:47');
INSERT INTO `linggongyun_v3`.`tb_object_menu` (`id`, `menu_id`, `object_user_id`, `create_date`, `update_date`) VALUES ('1351854177502273538', '14', '1308716289793970178', '2021-01-20 19:28:47', '2021-01-20 19:28:47');
INSERT INTO `linggongyun_v3`.`tb_object_menu` (`id`, `menu_id`, `object_user_id`, `create_date`, `update_date`) VALUES ('1351854177502273539', '15', '1308716289793970178', '2021-01-20 19:28:47', '2021-01-20 19:28:47');
INSERT INTO `linggongyun_v3`.`tb_object_menu` (`id`, `menu_id`, `object_user_id`, `create_date`, `update_date`) VALUES ('1351854177502273540', '16', '1308716289793970178', '2021-01-20 19:28:47', '2021-01-20 19:28:47');
INSERT INTO `linggongyun_v3`.`tb_object_menu` (`id`, `menu_id`, `object_user_id`, `create_date`, `update_date`) VALUES ('1351854177502273541', '17', '1308716289793970178', '2021-01-20 19:28:47', '2021-01-20 19:28:47');
INSERT INTO `linggongyun_v3`.`tb_object_menu` (`id`, `menu_id`, `object_user_id`, `create_date`, `update_date`) VALUES ('1351854177510662146', '18', '1308716289793970178', '2021-01-20 19:28:47', '2021-01-20 19:28:47');
INSERT INTO `linggongyun_v3`.`tb_object_menu` (`id`, `menu_id`, `object_user_id`, `create_date`, `update_date`) VALUES ('1351854177510662147', '19', '1308716289793970178', '2021-01-20 19:28:47', '2021-01-20 19:28:47');
INSERT INTO `linggongyun_v3`.`tb_object_menu` (`id`, `menu_id`, `object_user_id`, `create_date`, `update_date`) VALUES ('1351854177510662148', '20', '1308716289793970178', '2021-01-20 19:28:47', '2021-01-20 19:28:47');
INSERT INTO `linggongyun_v3`.`tb_object_menu` (`id`, `menu_id`, `object_user_id`, `create_date`, `update_date`) VALUES ('1351854177510662149', '21', '1308716289793970178', '2021-01-20 19:28:47', '2021-01-20 19:28:47');
INSERT INTO `linggongyun_v3`.`tb_object_menu` (`id`, `menu_id`, `object_user_id`, `create_date`, `update_date`) VALUES ('1351854177510662150', '22', '1308716289793970178', '2021-01-20 19:28:47', '2021-01-20 19:28:47');
INSERT INTO `linggongyun_v3`.`tb_object_menu` (`id`, `menu_id`, `object_user_id`, `create_date`, `update_date`) VALUES ('1351854177510662151', '23', '1308716289793970178', '2021-01-20 19:28:47', '2021-01-20 19:28:47');
INSERT INTO `linggongyun_v3`.`tb_object_menu` (`id`, `menu_id`, `object_user_id`, `create_date`, `update_date`) VALUES ('1351854177510662152', '24', '1308716289793970178', '2021-01-20 19:28:47', '2021-01-20 19:28:47');
INSERT INTO `linggongyun_v3`.`tb_object_menu` (`id`, `menu_id`, `object_user_id`, `create_date`, `update_date`) VALUES ('1351854177510662153', '26', '1308716289793970178', '2021-01-20 19:28:47', '2021-01-20 19:28:47');
